reference_path,query_path,reference_count,query_count,fingerprint_type,distance_type,mean_pairwise,mean_pairwise_median_threshold,s_min,knn,weighted_knn,chamfer,sinkhorn,centroid,MW2_GTM,RP_GTM,RP_GTM_normalized,wRP_GTM,wRP_GTM_normalized,computation_time
/home2020/home/infochimie/aorlov/similibria/data/dels_100/mfp_resp_chembl301/CHEMBL301.npz,/home2020/home/infochimie/aorlov/similibria/data/dels_100/mfp_resp_chembl301/EN10412_1.npz,1780,9696,precomputed,euclidean,1.282693018242847,1.055699037829109,0.4882197667170129,0.672353680166452,0.6610547584335306,0.764946730938515,0.9371909372773668,0.03608087042729282,1.8881363491793874,0.029485570890840654,8.830659146702801e-06,0.043820224719101124,1.3123757028781409e-05,39.89872145652771
/home2020/home/infochimie/aorlov/similibria/data/dels_100/mfp_resp_chembl301/CHEMBL301.npz,/home2020/home/infochimie/aorlov/similibria/data/dels_100/mfp_resp_chembl301/EN10507_1.npz,1780,9412,precomputed,euclidean,1.3050230265865181,1.05656204344521,0.419482724339856,0.5390509148826053,0.5280663704701328,0.396157500434427,0.840485344829399,0.03896234517460179,2.0578449770368636,0.07779171894604768,2.056893679165724e-05,0.11404494382022472,3.0154665208943606e-05,33.47222900390625
/home2020/home/infochimie/aorlov/similibria/data/dels_100/mfp_resp_chembl301/CHEMBL301.npz,/home2020/home/infochimie/aorlov/similibria/data/dels_100/mfp_resp_chembl301/EN10558_1.npz,1780,9946,precomputed,euclidean,1.2126027484872846,0.9859646843771103,0.4458479761128482,0.6044737476311437,0.5918913807792451,0.6312760301247503,0.9222876243870195,0.024811421004119157,0.9166918682488818,0.03450439146800502,7.3491781614494185e-06,0.046067415730337076,9.812016129997247e-06,34.97538471221924
/home2020/home/infochimie/aorlov/similibria/data/dels_100/mfp_resp_chembl301/CHEMBL301.npz,/home2020/home/infochimie/aorlov/similibria/data/dels_100/mfp_resp_chembl301/EN10571_1.npz,1780,10000,precomputed,euclidean,1.245847103914287,1.0209744388686057,0.5913982871981885,0.658071680098568,0.6529391600657309,0.913971588098196,0.9413389141363551,0.06095982638034743,1.705933569291068,0.027603513174404015,1.0133448301910432e-05,0.04044943820224719,1.4849279809929217e-05,32.35083246231079
/home2020/home/infochimie/aorlov/similibria/data/dels_100/mfp_resp_chembl301/CHEMBL301.npz,/home2020/home/infochimie/aorlov/similibria/data/dels_100/mfp_resp_chembl301/EN10726_1.npz,1780,9814,precomputed,euclidean,1.1716458920678632,0.9436150018697378,0.5805842970435018,0.6553351224164011,0.6480829909323047,0.8589862175638663,,0.01777640233059049,0.7245149408834016,0.015683814303638646,2.865146931611006e-06,0.019101123595505618,3.4894270360806755e-06,33.086140632629395
/home2020/home/infochimie/aorlov/similibria/data/dels_100/mfp_resp_chembl301/CHEMBL301.npz,/home2020/home/infochimie/aorlov/similibria/data/dels_100/mfp_resp_chembl301/EN1111_1.npz,1780,9981,precomputed,euclidean,1.2377873688632366,0.9919596213396734,0.5392835390011174,0.6913836432161999,0.6793623617274588,1.0181699462312461,,0.021594079626196232,1.9521159775891987,0.013801756587202008,2.9655686693601218e-06,0.017977528089887642,3.8628122238692825e-06,28.661868572235107
/home2020/home/infochimie/aorlov/similibria/data/dels_100/mfp_resp_chembl301/CHEMBL301.npz,/home2020/home/infochimie/aorlov/similibria/data/dels_100/mfp_resp_chembl301/EN11303_1.npz,1780,10000,precomputed,euclidean,1.0451347470846013,0.8193000406264143,0.6140225956515648,0.6459427701493823,0.6454728243873558,0.6870779044341275,1.0055548428944332,0.030811183007979612,2.01262498150768,0.002509410288582183,7.333168581479202e-07,0.006741573033707865,1.970068098687278e-06,30.31546139717102
/home2020/home/infochimie/aorlov/similibria/data/dels_100/mfp_resp_chembl301/CHEMBL301.npz,/home2020/home/infochimie/aorlov/similibria/data/dels_100/mfp_resp_chembl301/EN11510_1.npz,1780,9965,precomputed,euclidean,1.1805855626835124,0.9505834378019422,0.33631535602210094,0.4977931749124004,0.48232507679818737,0.35627530772561805,0.8361306467641524,0.02480013388052252,1.0708089197498463,0.07904642409033877,1.5939992758689005e-05,0.10393258426966293,2.0958375533305693e-05,25.727825164794922
/home2020/home/infochimie/aorlov/similibria/data/dels_100/mfp_resp_chembl301/CHEMBL301.npz,/home2020/home/infochimie/aorlov/similibria/data/dels_100/mfp_resp_chembl301/EN11789_1.npz,1780,6992,precomputed,euclidean,1.2009293325967207,0.9675154607414949,0.6618095409694016,0.6920445919570162,0.6917852906017333,0.9859412466587336,0.9949163635662018,0.03619472699149151,3.4526330732116035,0.00439146800501882,1.335198542115786e-06,0.0050561797752808986,1.5373000228886891e-06,25.658860445022583
/home2020/home/infochimie/aorlov/similibria/data/dels_100/mfp_resp_chembl301/CHEMBL301.npz,/home2020/home/infochimie/aorlov/similibria/data/dels_100/mfp_resp_chembl301/EN1286_1.npz,1780,9974,precomputed,euclidean,1.261650749955248,1.0180991705286864,0.6825458281572249,0.7375364155831001,0.7359219567475549,1.2199909124889752,0.9952573191636441,0.023061065777320956,1.1212865326089816,0.002509410288582183,5.42340671835354e-07,0.0022471910112359553,4.856691184862665e-07,28.896665573120117
/home2020/home/infochimie/aorlov/similibria/data/dels_100/mfp_resp_chembl301/CHEMBL301.npz,/home2020/home/infochimie/aorlov/similibria/data/dels_100/mfp_resp_chembl301/EN1310_1.npz,1780,10000,precomputed,euclidean,1.230580115045347,0.9957923003550783,0.4009733444138369,0.5801831987946661,0.5632100577031144,0.6646441161191703,0.9088771363720827,0.012958844470474677,0.9699140273379201,0.04767879548306148,7.556069014748254e-06,0.07415730337078652,1.1752346017557294e-05,39.50007700920105
/home2020/home/infochimie/aorlov/similibria/data/dels_100/mfp_resp_chembl301/CHEMBL301.npz,/home2020/home/infochimie/aorlov/similibria/data/dels_100/mfp_resp_chembl301/EN13337_1.npz,1780,9723,precomputed,euclidean,1.1611788868201909,0.9364895681178312,0.6800726872222224,0.7215295076603344,0.7212096860923497,1.049761698313071,1.01385249040891,0.08709374783322958,1.9181246246389685,0.0,0.0,0.0,0.0,33.23340559005737
/home2020/home/infochimie/aorlov/similibria/data/dels_100/mfp_resp_chembl301/CHEMBL301.npz,/home2020/home/infochimie/aorlov/similibria/data/dels_100/mfp_resp_chembl301/EN1333_1.npz,1780,9994,precomputed,euclidean,1.2739062069741767,1.039852571890616,0.5412125987592723,0.649898093452627,0.6410006360260008,0.9092576550458425,0.9363953181257272,0.01553735020370385,1.5675961310644557,0.038268506900878296,7.50951862262133e-06,0.05449438202247191,1.0693560051505476e-05,29.197747468948364
/home2020/home/infochimie/aorlov/similibria/data/dels_100/mfp_resp_chembl301/CHEMBL301.npz,/home2020/home/infochimie/aorlov/similibria/data/dels_100/mfp_resp_chembl301/EN13369_1.npz,1780,9998,precomputed,euclidean,1.1490619003145448,0.920751688223874,0.6032966186555156,0.6546931125083809,0.6495949362078062,0.8159483350874229,0.9694921115962115,0.049669828146184945,1.9149157359145679,0.02383939774153074,6.897973883544774e-06,0.033707865168539325,9.753433208489388e-06,23.776539087295532
/home2020/home/infochimie/aorlov/similibria/data/dels_100/mfp_resp_chembl301/CHEMBL301.npz,/home2020/home/infochimie/aorlov/similibria/data/dels_100/mfp_resp_chembl301/EN13822_1.npz,1780,9238,precomputed,euclidean,1.2294046930080078,0.9849306482832191,0.5920601133812451,0.6849163980538348,0.6785918617143462,0.9784528535959494,0.9655438627726936,0.027183405932392584,1.6264147946298801,0.012547051442910916,3.0980373933113374e-06,0.014044943820224719,3.467887363018449e-06,33.69608664512634
/home2020/home/infochimie/aorlov/similibria/data/dels_100/mfp_resp_chembl301/CHEMBL301.npz,/home2020/home/infochimie/aorlov/similibria/data/dels_100/mfp_resp_chembl301/EN1450_1.npz,1780,10000,precomputed,euclidean,1.1972088349178,0.9622584451655462,0.6876842671984171,0.7354316015659976,0.7342656525803178,1.1092837121270294,,0.027866080516160716,1.245336373047917,0.0012547051442910915,2.9508587589160196e-07,0.0011235955056179776,2.6425105964674923e-07,33.755062103271484
/home2020/home/infochimie/aorlov/similibria/data/dels_100/mfp_resp_chembl301/CHEMBL301.npz,/home2020/home/infochimie/aorlov/similibria/data/dels_100/mfp_resp_chembl301/EN14596_1.npz,1780,10000,precomputed,euclidean,1.3841743474011805,1.1622520750586791,0.7388605676479473,0.8196152446624826,0.8115324849563169,1.325645138410115,0.9676883586703957,0.06688273073780021,3.571686100952835,0.01944792973651192,8.748506404188899e-06,0.034269662921348316,1.541595273115084e-05,43.23681592941284
/home2020/home/infochimie/aorlov/similibria/data/dels_100/mfp_resp_chembl301/CHEMBL301.npz,/home2020/home/infochimie/aorlov/similibria/data/dels_100/mfp_resp_chembl301/EN14813_1.npz,1780,9718,precomputed,euclidean,1.3046192680888407,1.0742487078837784,0.7027046479586131,0.7802533294418398,0.7780758276478943,1.2479647345031708,0.9852226161618696,0.08124321020796656,3.935174363251914,0.0056461731493099125,2.315903670758783e-06,0.007865168539325843,3.2260740522255304e-06,40.35102295875549
/home2020/home/infochimie/aorlov/similibria/data/dels_100/mfp_resp_chembl301/CHEMBL301.npz,/home2020/home/infochimie/aorlov/similibria/data/dels_100/mfp_resp_chembl301/EN14921_1.npz,1780,10000,precomputed,euclidean,1.3926764603758415,1.1696442820262405,0.808317837271609,0.8557242298190901,0.8532299655380767,1.4414750255451094,0.9806445529358174,0.12950432765854628,4.727971390182892,0.011292346298619825,6.312099663845626e-06,0.016292134831460674,9.106838922001495e-06,188.06944298744202
/home2020/home/infochimie/aorlov/similibria/data/dels_100/mfp_resp_chembl301/CHEMBL301.npz,/home2020/home/infochimie/aorlov/similibria/data/dels_100/mfp_resp_chembl301/EN15029_1.npz,1780,9761,precomputed,euclidean,1.0972085839917745,0.8749552739334702,0.5185242279351693,0.6366182113632238,0.6272925688210184,0.6403024840986214,0.9583201125556511,0.03918662871529144,1.4089039644881962,0.02070263488080301,3.964503041134242e-06,0.03314606741573034,6.347389394050237e-06,42.60866570472717
/home2020/home/infochimie/aorlov/similibria/data/dels_100/mfp_resp_chembl301/CHEMBL301.npz,/home2020/home/infochimie/aorlov/similibria/data/dels_100/mfp_resp_chembl301/EN15134_1.npz,1780,9709,precomputed,euclidean,1.2238151167866385,0.9904177499408158,0.5170686364886158,0.6349109133395834,0.6257170987075901,0.6712027204199098,0.900954340653585,0.02786834380215225,1.3460105162637463,0.033249686323713924,8.127520489785852e-06,0.04550561797752809,1.1123348320099753e-05,28.77361559867859
/home2020/home/infochimie/aorlov/similibria/data/dels_100/mfp_resp_chembl301/CHEMBL301.npz,/home2020/home/infochimie/aorlov/similibria/data/dels_100/mfp_resp_chembl301/EN15679_1.npz,1780,9985,precomputed,euclidean,1.2010180360102676,0.9718151277155366,0.7157107590217906,0.758726066683298,0.7579117297531559,1.0912426252754044,0.9877356851616068,0.02945291308960627,0.894197945358768,0.0075282308657465494,1.7568800153434188e-06,0.010674157303370787,2.491051879433089e-06,35.25140619277954
/home2020/home/infochimie/aorlov/similibria/data/dels_100/mfp_resp_chembl301/CHEMBL301.npz,/home2020/home/infochimie/aorlov/similibria/data/dels_100/mfp_resp_chembl301/EN15881_1.npz,1780,9985,precomputed,euclidean,1.2503485270352526,1.0150500166867438,0.6475887275403293,0.732051188228747,0.7273012535907116,1.1504345636587339,0.9944413191943721,0.024527907304879235,1.6118271825181787,0.006273525721455458,1.2315519673057437e-06,0.009550561797752809,1.8748648994410696e-06,28.75093126296997
/home2020/home/infochimie/aorlov/similibria/data/dels_100/mfp_resp_chembl301/CHEMBL301.npz,/home2020/home/infochimie/aorlov/similibria/data/dels_100/mfp_resp_chembl301/EN16033_1.npz,1780,10000,precomputed,euclidean,1.3268588527259852,1.1019968764704715,0.7561757370364797,0.8232040866114311,0.8204354239781011,1.0135339072538625,0.9592006917374967,0.0790912446275829,1.4583514534610604,0.02070263488080301,1.0788241209381454e-05,0.03258426966292135,1.6979817437687e-05,36.1506826877594
/home2020/home/infochimie/aorlov/similibria/data/dels_100/mfp_resp_chembl301/CHEMBL301.npz,/home2020/home/infochimie/aorlov/similibria/data/dels_100/mfp_resp_chembl301/EN16237_1.npz,1780,9954,precomputed,euclidean,1.1641975817960537,0.9353094356336654,0.5947655319623122,0.6677297219055636,0.6611095713288218,0.8821465945560392,0.9707548092453854,0.016246230600360918,0.6925046776272149,0.02070263488080301,3.4794344337484052e-06,0.026404494382022473,4.437730148239071e-06,28.27653741836548
/home2020/home/infochimie/aorlov/similibria/data/dels_100/mfp_resp_chembl301/CHEMBL301.npz,/home2020/home/infochimie/aorlov/similibria/data/dels_100/mfp_resp_chembl301/EN16316_1.npz,1780,9997,precomputed,euclidean,1.1816320048977091,0.9464531284424754,0.5982021914499406,0.6876499669250781,0.6814187298643796,0.9785323533439765,0.9909235587517669,0.014598190847680315,0.6059830186587364,0.0075282308657465494,1.271016523002963e-06,0.007865168539325843,1.327902843039987e-06,28.903595685958862
/home2020/home/infochimie/aorlov/similibria/data/dels_100/mfp_resp_chembl301/CHEMBL301.npz,/home2020/home/infochimie/aorlov/similibria/data/dels_100/mfp_resp_chembl301/EN16364_1.npz,1780,9996,precomputed,euclidean,1.2576292385799996,1.0273538382129557,0.5603529695184597,0.6951431477448796,0.6857881740721825,0.8202375920163326,,0.05133986285216601,0.6113370777831919,0.024466750313676285,6.931090740418211e-06,0.03932584269662921,1.1140465353152751e-05,32.1842622756958
/home2020/home/infochimie/aorlov/similibria/data/dels_100/mfp_resp_chembl301/CHEMBL301.npz,/home2020/home/infochimie/aorlov/similibria/data/dels_100/mfp_resp_chembl301/EN16401_1.npz,1780,9998,precomputed,euclidean,1.1451789650047395,0.9010589015021213,0.6366650254232893,0.6631836285298988,0.6620335796055943,0.7742429258672243,0.9854278306351292,0.03874285099645328,2.081466912388351,0.006273525721455458,1.163919428841458e-06,0.015168539325842697,2.8142002459819475e-06,38.21880269050598
/home2020/home/infochimie/aorlov/similibria/data/dels_100/mfp_resp_chembl301/CHEMBL301.npz,/home2020/home/infochimie/aorlov/similibria/data/dels_100/mfp_resp_chembl301/EN16611_1.npz,1780,9788,precomputed,euclidean,1.1850251296957248,0.9519366105973712,0.49370208980587144,0.6084473518757885,0.6007182088501252,0.4462049618391272,0.8948562586938227,0.042011180061997166,0.6656878174088587,0.04454203262233375,1.329216133164242e-05,0.056741573033707866,1.6932728449330905e-05,27.41918134689331
/home2020/home/infochimie/aorlov/similibria/data/dels_100/mfp_resp_chembl301/CHEMBL301.npz,/home2020/home/infochimie/aorlov/similibria/data/dels_100/mfp_resp_chembl301/EN1669_1.npz,1780,9633,precomputed,euclidean,1.0845413683173457,0.8396400296965105,0.3945857831943954,0.5387081119849798,0.5243476191269528,0.507703640987613,0.9068217027305014,0.01326458598183224,1.7438109000142608,0.04077791718946048,6.796319531576747e-06,0.051685393258426963,8.614232209737827e-06,30.396719455718994
/home2020/home/infochimie/aorlov/similibria/data/dels_100/mfp_resp_chembl301/CHEMBL301.npz,/home2020/home/infochimie/aorlov/similibria/data/dels_100/mfp_resp_chembl301/EN16700_1.npz,1780,9443,precomputed,euclidean,1.0697854239607116,0.8166936061422101,0.3115691217508327,0.5062983228436007,0.49082431557033296,0.33468269989621224,0.8396938589747985,0.008690897637946792,0.8954890998749503,0.054579673776662486,8.04653896161912e-06,0.08595505617977528,1.267212976260877e-05,39.96234393119812
/home2020/home/infochimie/aorlov/similibria/data/dels_100/mfp_resp_chembl301/CHEMBL301.npz,/home2020/home/infochimie/aorlov/similibria/data/dels_100/mfp_resp_chembl301/EN16737_1.npz,1780,8712,precomputed,euclidean,1.1979737397398147,0.969214848495761,0.5973162782555167,0.6652880701997853,0.6608835690196884,0.7058282137230962,0.9109516121987473,0.04720219424779364,0.5576397472496825,0.035759096612296114,1.0311158192703608e-05,0.04719101123595506,1.36075580265153e-05,33.95150876045227
/home2020/home/infochimie/aorlov/similibria/data/dels_100/mfp_resp_chembl301/CHEMBL301.npz,/home2020/home/infochimie/aorlov/similibria/data/dels_100/mfp_resp_chembl301/EN17081_1.npz,1780,9998,precomputed,euclidean,1.1833629421139493,0.9394008733108578,0.3401672866656077,0.5050442806232888,0.4914553660460485,0.519994193719345,,0.013405783963480711,0.9852606299424036,0.06775407779171895,1.1897116381337831e-05,0.08764044943820225,1.5389016582651845e-05,26.015604496002197
/home2020/home/infochimie/aorlov/similibria/data/dels_100/mfp_resp_chembl301/CHEMBL301.npz,/home2020/home/infochimie/aorlov/similibria/data/dels_100/mfp_resp_chembl301/EN17108_1.npz,1780,9999,precomputed,euclidean,1.1994901132220135,0.9663639733906976,0.7025877493490618,0.7411143360601687,0.7396178431160562,1.1435605368048203,1.009535707049158,0.03429086466490528,0.8813790614667563,0.0018820577164366374,4.504685774142263e-07,0.0016853932584269663,4.0339714179678465e-07,37.22963356971741
/home2020/home/infochimie/aorlov/similibria/data/dels_100/mfp_resp_chembl301/CHEMBL301.npz,/home2020/home/infochimie/aorlov/similibria/data/dels_100/mfp_resp_chembl301/EN17372_1.npz,1780,9888,precomputed,euclidean,1.2456256319809893,1.0151424461608993,0.5428572854087269,0.7003540202322717,0.6913151170007201,0.9020239522711979,0.972112351325536,0.04398372470021618,0.6969369543776545,0.016938519447929738,4.3667232399921985e-06,0.019662921348314606,5.069069695363394e-06,28.785303354263306
/home2020/home/infochimie/aorlov/similibria/data/dels_100/mfp_resp_chembl301/CHEMBL301.npz,/home2020/home/infochimie/aorlov/similibria/data/dels_100/mfp_resp_chembl301/EN17751_1.npz,1780,9591,precomputed,euclidean,1.16447056862598,0.9426927423651881,0.4909286362114459,0.6186801975390946,0.6102355033988792,0.7371662724236088,0.9248509656452131,0.024249417497138683,0.8608727431856574,0.033877038895859475,9.618693610408709e-06,0.03876404494382023,1.1006259211760428e-05,23.860188007354736
/home2020/home/infochimie/aorlov/similibria/data/dels_100/mfp_resp_chembl301/CHEMBL301.npz,/home2020/home/infochimie/aorlov/similibria/data/dels_100/mfp_resp_chembl301/EN17795_1.npz,1780,9196,precomputed,euclidean,1.2633909794141422,1.0337322088494372,0.5655769256124548,0.666663253045792,0.6601394387450636,0.7309211531898714,0.9147350616134602,0.044138770624138526,0.9952585663225231,0.05834378920953576,1.7266584554464563e-05,0.06853932584269663,2.0283908210327503e-05,24.982993364334106
/home2020/home/infochimie/aorlov/similibria/data/dels_100/mfp_resp_chembl301/CHEMBL301.npz,/home2020/home/infochimie/aorlov/similibria/data/dels_100/mfp_resp_chembl301/EN18190_1.npz,1780,9976,precomputed,euclidean,1.2221093873475226,0.984676230057721,0.4434061840100181,0.5799145821320364,0.5700673182702258,0.5363137843155319,0.896030805905597,0.03204895163097569,0.6698597015054136,0.04454203262233375,1.0317820852984422e-05,0.06404494382022471,1.4835520921988584e-05,27.904842853546143
/home2020/home/infochimie/aorlov/similibria/data/dels_100/mfp_resp_chembl301/CHEMBL301.npz,/home2020/home/infochimie/aorlov/similibria/data/dels_100/mfp_resp_chembl301/EN18266_1.npz,1780,9947,precomputed,euclidean,0.9327833021744787,0.7324026273932602,0.5976203850094575,0.6487900822658625,0.6473659193656066,0.6377619246462217,1.0140653401563078,0.024099365980580472,2.376297962652451,0.0006273525721455458,9.392911695546426e-08,0.0005617977528089888,8.411405192528654e-08,32.48833465576172
/home2020/home/infochimie/aorlov/similibria/data/dels_100/mfp_resp_chembl301/CHEMBL301.npz,/home2020/home/infochimie/aorlov/similibria/data/dels_100/mfp_resp_chembl301/EN18290_1.npz,1780,9905,precomputed,euclidean,1.2101256749187952,0.9869858811446254,0.7776046821300744,0.8149307204416197,0.8145460638979608,1.263319957928599,1.0064309173396508,0.06296800354471117,2.778474799298935,0.0,0.0,0.0,0.0,39.822885513305664
/home2020/home/infochimie/aorlov/similibria/data/dels_100/mfp_resp_chembl301/CHEMBL301.npz,/home2020/home/infochimie/aorlov/similibria/data/dels_100/mfp_resp_chembl301/EN18740_1.npz,1780,9846,precomputed,euclidean,1.071968610828856,0.8645303685237202,0.6682007896629081,0.7446209019123712,0.7441438399745225,0.8869284917519336,,0.05040533505634831,2.713407628766426,0.0,0.0,0.0,0.0,35.871824979782104
/home2020/home/infochimie/aorlov/similibria/data/dels_100/mfp_resp_chembl301/CHEMBL301.npz,/home2020/home/infochimie/aorlov/similibria/data/dels_100/mfp_resp_chembl301/EN18889_1.npz,1780,9962,precomputed,euclidean,1.144561117901708,0.8979222526381533,0.35424405789573804,0.5274140905867117,0.5131070490297567,0.42508355784519936,,0.019644845338662006,1.4411357714341015,0.07716436637390213,1.3345618535783834e-05,0.09044943820224718,1.5643278831243026e-05,35.74754858016968
/home2020/home/infochimie/aorlov/similibria/data/dels_100/mfp_resp_chembl301/CHEMBL301.npz,/home2020/home/infochimie/aorlov/similibria/data/dels_100/mfp_resp_chembl301/EN19015_1.npz,1780,8941,precomputed,euclidean,1.264469344854339,1.0337454721037422,0.6469328765366866,0.7108855588739761,0.7054165140058466,0.7158224434553636,0.9388486843580808,0.0822573396887091,1.2149055917684735,0.030740276035131745,1.107358646798694e-05,0.03932584269662921,1.4166369847488909e-05,25.043625593185425
/home2020/home/infochimie/aorlov/similibria/data/dels_100/mfp_resp_chembl301/CHEMBL301.npz,/home2020/home/infochimie/aorlov/similibria/data/dels_100/mfp_resp_chembl301/EN1912_1.npz,1780,9999,precomputed,euclidean,1.2835329187201943,1.0464272465010847,0.6875670294082367,0.7405512969371775,0.7391214342760907,1.2099173204768734,0.9841957320355039,0.050929420054702274,0.9337143795429675,0.01066499372647428,2.7622361373929755e-06,0.01348314606741573,3.4921383235989978e-06,41.24074101448059
/home2020/home/infochimie/aorlov/similibria/data/dels_100/mfp_resp_chembl301/CHEMBL301.npz,/home2020/home/infochimie/aorlov/similibria/data/dels_100/mfp_resp_chembl301/EN19139_1.npz,1780,9953,precomputed,euclidean,1.2529312371800854,1.0232059221566046,0.6611115652620787,0.7165808938582943,0.7135867090920388,0.9809601793736197,0.967419478059444,0.035379111097388755,0.8215682926774579,0.02258469259723965,6.152190846428671e-06,0.030337078651685393,8.263982198770198e-06,36.897510290145874
/home2020/home/infochimie/aorlov/similibria/data/dels_100/mfp_resp_chembl301/CHEMBL301.npz,/home2020/home/infochimie/aorlov/similibria/data/dels_100/mfp_resp_chembl301/EN19659_1.npz,1780,9997,precomputed,euclidean,1.2733268031415965,1.0497606227714635,0.7308702201418991,0.784066264012352,0.7821476861518433,1.0587897438885703,,0.051549174845614866,0.9926535302560686,0.012547051442910916,4.734736393551289e-06,0.016292134831460674,6.147975408098368e-06,21.724344491958618
/home2020/home/infochimie/aorlov/similibria/data/dels_100/mfp_resp_chembl301/CHEMBL301.npz,/home2020/home/infochimie/aorlov/similibria/data/dels_100/mfp_resp_chembl301/EN19734_1.npz,1780,9185,precomputed,euclidean,1.1232105765005447,0.8966780947333786,0.3745445693225613,0.5048379293249702,0.4937441402938885,0.40325304916752847,0.8450042937785798,0.014782279814855843,0.28067794388834355,0.05332496863237139,9.291682981768844e-06,0.05955056179775281,1.0376470081504235e-05,37.356619358062744
/home2020/home/infochimie/aorlov/similibria/data/dels_100/mfp_resp_chembl301/CHEMBL301.npz,/home2020/home/infochimie/aorlov/similibria/data/dels_100/mfp_resp_chembl301/EN19784_1.npz,1780,8755,precomputed,euclidean,1.3225351315624414,1.087259250033141,0.750517816038985,0.8090571228467763,0.8060855194125824,1.419122397839325,0.9912903440654275,0.0599210279241148,1.3592645080380228,0.00439146800501882,1.716087536154287e-06,0.008426966292134831,3.293070063358668e-06,37.613067388534546
/home2020/home/infochimie/aorlov/similibria/data/dels_100/mfp_resp_chembl301/CHEMBL301.npz,/home2020/home/infochimie/aorlov/similibria/data/dels_100/mfp_resp_chembl301/EN19801_1.npz,1780,9889,precomputed,euclidean,1.2999067697815232,1.069203241889994,0.5174990460460775,0.6990614633277265,0.684729274618122,0.8469073729902792,0.9266702313032961,0.026637840727851234,2.4114496152181197,0.033877038895859475,9.024251170980148e-06,0.04943820224719101,1.3169473161212309e-05,41.23125195503235
/home2020/home/infochimie/aorlov/similibria/data/dels_100/mfp_resp_chembl301/CHEMBL301.npz,/home2020/home/infochimie/aorlov/similibria/data/dels_100/mfp_resp_chembl301/EN19861_1.npz,1780,9776,precomputed,euclidean,1.1765619859731042,0.9417512960401896,0.6229559273418923,0.6967166962436697,0.6909494015278485,0.9687242883723932,0.9889474649324279,0.01923807221076494,0.6414806130175975,0.0075282308657465494,1.3378764645008973e-06,0.010674157303370787,1.8969534926907387e-06,27.451580047607422
/home2020/home/infochimie/aorlov/similibria/data/dels_100/mfp_resp_chembl301/CHEMBL301.npz,/home2020/home/infochimie/aorlov/similibria/data/dels_100/mfp_resp_chembl301/EN1993_1.npz,1780,9986,precomputed,euclidean,1.3051152774728723,1.0707885582385213,0.4892817587218323,0.6957342096954573,0.6851625879286637,0.9711591892736349,0.9594265251676397,0.04091518118008234,3.621433561309414,0.015056461731493099,4.203367317558096e-06,0.021348314606741574,5.959886824885978e-06,33.381004095077515
/home2020/home/infochimie/aorlov/similibria/data/dels_100/mfp_resp_chembl301/CHEMBL301.npz,/home2020/home/infochimie/aorlov/similibria/data/dels_100/mfp_resp_chembl301/EN20878_1.npz,1780,9999,precomputed,euclidean,1.1997927483226838,0.9686982732522459,0.5321797515394014,0.6326552296826766,0.6233581345271683,0.8113345298907327,0.9415689795067681,0.019620124776253,0.34135035740390196,0.03262233375156838,5.586972726762867e-06,0.043820224719101124,7.5047481964550645e-06,37.63920021057129
/home2020/home/infochimie/aorlov/similibria/data/dels_100/mfp_resp_chembl301/CHEMBL301.npz,/home2020/home/infochimie/aorlov/similibria/data/dels_100/mfp_resp_chembl301/EN20884_1.npz,1780,9790,precomputed,euclidean,1.1262829199355426,0.9030226135808785,0.2858923322238034,0.42783318353139077,0.41502299639347495,0.2957831906357657,,0.020894254117461767,0.22716689350212593,0.07590966122961104,1.5052480910095388e-05,0.07752808988764046,1.5373406680079407e-05,30.731099605560303
/home2020/home/infochimie/aorlov/similibria/data/dels_100/mfp_resp_chembl301/CHEMBL301.npz,/home2020/home/infochimie/aorlov/similibria/data/dels_100/mfp_resp_chembl301/EN20900_1.npz,1780,9998,precomputed,euclidean,1.0562639326176708,0.8069290207424307,0.5432799573738546,0.6069790218124118,0.6030177876427206,0.6139641788623329,0.9548052113868191,0.0164055138536682,1.5520543591468547,0.01944792973651192,2.9350935310159856e-06,0.03258426966292135,4.917638041491299e-06,40.493600606918335
/home2020/home/infochimie/aorlov/similibria/data/dels_100/mfp_resp_chembl301/CHEMBL301.npz,/home2020/home/infochimie/aorlov/similibria/data/dels_100/mfp_resp_chembl301/EN21133_1.npz,1780,9516,precomputed,euclidean,1.259935440357384,1.0203376239160566,0.6864484726680211,0.7898407217186477,0.7837303143176024,1.0426585916815503,,0.0739785148042559,2.884870769766648,0.006900878293601004,2.5240959376741053e-06,0.008988764044943821,3.287770316365699e-06,97.83148717880249
/home2020/home/infochimie/aorlov/similibria/data/dels_100/mfp_resp_chembl301/CHEMBL301.npz,/home2020/home/infochimie/aorlov/similibria/data/dels_100/mfp_resp_chembl301/EN21371_1.npz,1780,9992,precomputed,euclidean,1.192384632262887,0.9448087698822938,0.4554172126491586,0.5636348082778969,0.5586698490716409,0.6163182469014145,,0.015037535867881192,1.7825451425736032,0.04830614805520703,7.778767802770858e-06,0.07247191011235955,1.167019486511426e-05,37.473851919174194
/home2020/home/infochimie/aorlov/similibria/data/dels_100/mfp_resp_chembl301/CHEMBL301.npz,/home2020/home/infochimie/aorlov/similibria/data/dels_100/mfp_resp_chembl301/EN21510_1.npz,1780,9993,precomputed,euclidean,1.2213132639289963,0.9921523751851924,0.5730146727819614,0.6908023889438402,0.6820859909627878,0.9472111232119189,,0.021081842277848307,0.636585278828952,0.015683814303638646,3.055486908949668e-06,0.021910112359550562,4.268480880489102e-06,32.4060583114624
/home2020/home/infochimie/aorlov/similibria/data/dels_100/mfp_resp_chembl301/CHEMBL301.npz,/home2020/home/infochimie/aorlov/similibria/data/dels_100/mfp_resp_chembl301/EN21535_1.npz,1780,8936,precomputed,euclidean,1.2847455303562436,1.043201404428854,0.6842486179714348,0.7269966682875773,0.725735186732446,1.253268295690504,0.9897377694252045,0.07057350271411608,1.2770332516246583,0.002509410288582183,1.20124953977127e-06,0.0022471910112359553,1.0757257114580925e-06,27.091325283050537
/home2020/home/infochimie/aorlov/similibria/data/dels_100/mfp_resp_chembl301/CHEMBL301.npz,/home2020/home/infochimie/aorlov/similibria/data/dels_100/mfp_resp_chembl301/EN2164_1.npz,1780,9983,precomputed,euclidean,1.287354349776725,1.055921924626283,0.6877444404804194,0.7243084804954256,0.7233805841584874,1.1395835562059522,,0.03706358949655138,4.095426670619231,0.009410288582183186,2.6925003096375352e-06,0.01348314606741573,3.857838645898635e-06,31.843528270721436
/home2020/home/infochimie/aorlov/similibria/data/dels_100/mfp_resp_chembl301/CHEMBL301.npz,/home2020/home/infochimie/aorlov/similibria/data/dels_100/mfp_resp_chembl301/EN21671_1.npz,1780,9981,precomputed,euclidean,1.2302984798324954,0.9916573401278576,0.5595607534521189,0.6493179716172711,0.6431851150787926,0.8570836286468748,0.951515929263566,0.02564142497228465,2.1747194991863705,0.027603513174404015,5.393417970770617e-06,0.04044943820224719,7.903368152060804e-06,42.99850106239319
/home2020/home/infochimie/aorlov/similibria/data/dels_100/mfp_resp_chembl301/CHEMBL301.npz,/home2020/home/infochimie/aorlov/similibria/data/dels_100/mfp_resp_chembl301/EN21726_1.npz,1780,9963,precomputed,euclidean,1.2007381591487591,0.9597652697162432,0.45998640987429,0.619627522396994,0.6035370818445086,0.7839244199620856,0.9453811336325897,0.017310324511069355,1.0022181605254394,0.0370138017565872,6.785298213856499e-06,0.052247191011235955,9.577853530932347e-06,27.460184574127197
/home2020/home/infochimie/aorlov/similibria/data/dels_100/mfp_resp_chembl301/CHEMBL301.npz,/home2020/home/infochimie/aorlov/similibria/data/dels_100/mfp_resp_chembl301/EN21886_1.npz,1780,9192,precomputed,euclidean,1.3050109616466952,1.0802328344680094,0.6550645915564755,0.7690340652725548,0.7564398518263636,1.1539020425163338,,0.05713409665886362,2.31935558381104,0.01631116687578419,6.493298915519184e-06,0.029213483146067417,1.162957131610964e-05,20.986515760421753
/home2020/home/infochimie/aorlov/similibria/data/dels_100/mfp_resp_chembl301/CHEMBL301.npz,/home2020/home/infochimie/aorlov/similibria/data/dels_100/mfp_resp_chembl301/EN22605_1.npz,1780,9382,precomputed,euclidean,1.2059000797849841,0.9741387106053316,0.40001326460033504,0.5588005001473724,0.5416498805959853,0.3664222587083814,0.8616290650370244,0.04233543100277541,0.7867407534127412,0.06148055207026349,1.7903480509686515e-05,0.0702247191011236,2.04498308389993e-05,36.381876945495605
/home2020/home/infochimie/aorlov/similibria/data/dels_100/mfp_resp_chembl301/CHEMBL301.npz,/home2020/home/infochimie/aorlov/similibria/data/dels_100/mfp_resp_chembl301/EN22698_1.npz,1780,9998,precomputed,euclidean,1.2203815294087597,0.9877930534867865,0.456314604232086,0.6527243803893986,0.6356724777176533,0.8427588368773657,0.9588680945801527,0.021315135330165783,0.8402694755454272,0.031994981179422836,6.031099185565097e-06,0.052247191011235955,9.848669370638258e-06,27.829176425933838
/home2020/home/infochimie/aorlov/similibria/data/dels_100/mfp_resp_chembl301/CHEMBL301.npz,/home2020/home/infochimie/aorlov/similibria/data/dels_100/mfp_resp_chembl301/EN23553_1.npz,1780,9994,precomputed,euclidean,1.201241909861359,0.9720488312080671,0.3831682909533516,0.569426395051769,0.5490381947591062,0.6041341652405905,0.903106613164514,0.020421791458201423,0.5726599134714536,0.05959849435382685,1.1417336083108593e-05,0.08033707865168539,1.5390244952430152e-05,27.486070156097412
/home2020/home/infochimie/aorlov/similibria/data/dels_100/mfp_resp_chembl301/CHEMBL301.npz,/home2020/home/infochimie/aorlov/similibria/data/dels_100/mfp_resp_chembl301/EN23577_1.npz,1780,9727,precomputed,euclidean,1.225258650870365,1.0039163533791127,0.6106092806357003,0.6635074762713216,0.661371957987074,0.6703900759090133,0.9069704090811084,0.04409139498531605,0.8159852074231931,0.05897114178168131,2.126618888628969e-05,0.06460674157303371,2.3298500386957706e-05,36.1764440536499
/home2020/home/infochimie/aorlov/similibria/data/dels_100/mfp_resp_chembl301/CHEMBL301.npz,/home2020/home/infochimie/aorlov/similibria/data/dels_100/mfp_resp_chembl301/EN23710_1.npz,1780,9833,precomputed,euclidean,1.1984794810773758,0.9674126132495939,0.3642989338734083,0.5166247428630801,0.5033822265713775,0.41922888350202625,,0.013236727137967242,0.7885228451858489,0.09661229611041405,1.7871308936443592e-05,0.11797752808988764,2.1823442117996233e-05,31.31525707244873
/home2020/home/infochimie/aorlov/similibria/data/dels_100/mfp_resp_chembl301/CHEMBL301.npz,/home2020/home/infochimie/aorlov/similibria/data/dels_100/mfp_resp_chembl301/EN23821_1.npz,1780,9933,precomputed,euclidean,1.2334536730016767,1.004719415534514,0.4933195272173853,0.6134589172583141,0.6037960960800516,0.48892188303842077,0.8664701744177533,0.025630711157520265,0.944024894156742,0.07841907151819323,1.9210943537039008e-05,0.09438202247191012,2.312151456930674e-05,26.162576913833618
/home2020/home/infochimie/aorlov/similibria/data/dels_100/mfp_resp_chembl301/CHEMBL301.npz,/home2020/home/infochimie/aorlov/similibria/data/dels_100/mfp_resp_chembl301/EN24292_1.npz,1780,7510,precomputed,euclidean,1.0479622001650641,0.8275286965367924,0.5916704614076559,0.6647781759881763,0.6573368273278755,0.6816161893213624,0.990885314892085,0.02094764979324032,2.0153127081471687,0.01066499372647428,2.4596387745558764e-06,0.016292134831460674,3.757411169617314e-06,31.381357669830322
/home2020/home/infochimie/aorlov/similibria/data/dels_100/mfp_resp_chembl301/CHEMBL301.npz,/home2020/home/infochimie/aorlov/similibria/data/dels_100/mfp_resp_chembl301/EN25794_1.npz,1780,9977,precomputed,euclidean,1.1642953582373694,0.9322652284746646,0.3928729997991064,0.5244493052180291,0.5114810172419366,0.35737772573547083,,0.026401239638016667,0.2929971972255884,0.06085319949811794,1.3185958721152317e-05,0.07865168539325842,1.7042618720099335e-05,36.48534035682678
/home2020/home/infochimie/aorlov/similibria/data/dels_100/mfp_resp_chembl301/CHEMBL301.npz,/home2020/home/infochimie/aorlov/similibria/data/dels_100/mfp_resp_chembl301/EN25873_1.npz,1780,9996,precomputed,euclidean,1.214201068757615,0.9755957920231488,0.4387769885286277,0.5732828481364232,0.5635935165543741,0.6548192816333441,,0.020763210501724666,1.0745932630917636,0.055834378920953574,1.0524859363044971e-05,0.07808988764044944,1.4720054220631374e-05,35.71233892440796
/home2020/home/infochimie/aorlov/similibria/data/dels_100/mfp_resp_chembl301/CHEMBL301.npz,/home2020/home/infochimie/aorlov/similibria/data/dels_100/mfp_resp_chembl301/EN25915_1.npz,1780,9948,precomputed,euclidean,1.15522539093503,0.9283572708555851,0.6812665812033852,0.7069195542327039,0.705184597424775,0.9927549878093809,1.0024225314425588,0.03628104980324622,1.4534000282556105,0.006900878293601004,2.573994141589334e-06,0.008988764044943821,3.3527654028138085e-06,25.332463264465332
/home2020/home/infochimie/aorlov/similibria/data/dels_100/mfp_resp_chembl301/CHEMBL301.npz,/home2020/home/infochimie/aorlov/similibria/data/dels_100/mfp_resp_chembl301/EN25929_1.npz,1780,9996,precomputed,euclidean,1.2315493273003466,0.9986011798400487,0.6622480593459241,0.7475837748373587,0.7456384573768661,0.9777499932385303,0.981130113785828,0.03130556168881034,0.7491172370643143,0.01066499372647428,2.9099573605659696e-06,0.01348314606741573,3.6788938792403083e-06,26.41300106048584
/home2020/home/infochimie/aorlov/similibria/data/dels_100/mfp_resp_chembl301/CHEMBL301.npz,/home2020/home/infochimie/aorlov/similibria/data/dels_100/mfp_resp_chembl301/EN2611_1.npz,1780,9793,precomputed,euclidean,1.2087552481811066,0.985907538795158,0.7148056153808943,0.7683969552944122,0.7675799321139511,0.8930592430352016,0.9982783569736695,0.1095915786329548,1.3450508492334874,0.00439146800501882,2.0190657494339405e-06,0.0050561797752808986,2.3246803564509877e-06,43.1158401966095
/home2020/home/infochimie/aorlov/similibria/data/dels_100/mfp_resp_chembl301/CHEMBL301.npz,/home2020/home/infochimie/aorlov/similibria/data/dels_100/mfp_resp_chembl301/EN26526_1.npz,1780,9103,precomputed,euclidean,1.23964452965918,0.9997002153589283,0.6063934911243052,0.6796358911243416,0.6749612906771315,0.8934281392227799,0.964610115158617,0.03721494391460627,1.3675706506031342,0.02258469259723965,6.821109210884823e-06,0.030337078651685393,9.162512428778434e-06,34.91916060447693
/home2020/home/infochimie/aorlov/similibria/data/dels_100/mfp_resp_chembl301/CHEMBL301.npz,/home2020/home/infochimie/aorlov/similibria/data/dels_100/mfp_resp_chembl301/EN26565_1.npz,1780,9953,precomputed,euclidean,1.205081114366683,0.9694520683970351,0.6326020859533716,0.7000016881649599,0.6955398446617315,1.0268861491921832,0.9807940942716447,0.02060952675150235,1.3800732492245897,0.01191969887076537,2.1527359347598646e-06,0.015168539325842697,2.73948696511517e-06,39.94610524177551
/home2020/home/infochimie/aorlov/similibria/data/dels_100/mfp_resp_chembl301/CHEMBL301.npz,/home2020/home/infochimie/aorlov/similibria/data/dels_100/mfp_resp_chembl301/EN26744_1.npz,1780,9998,precomputed,euclidean,1.2340075194286717,1.0022291081386512,0.613550202112768,0.7037453153667875,0.6974397916656085,1.070470977825576,0.9855899442036089,0.030454747489361715,1.0981809539866305,0.011292346298619825,2.960762008028271e-06,0.015168539325842697,3.977068517525615e-06,27.803887844085693
/home2020/home/infochimie/aorlov/similibria/data/dels_100/mfp_resp_chembl301/CHEMBL301.npz,/home2020/home/infochimie/aorlov/similibria/data/dels_100/mfp_resp_chembl301/EN26806_1.npz,1780,9813,precomputed,euclidean,1.3612218717990963,1.1339138476734316,0.5118699855856763,0.6763696409095428,0.6615563779620703,0.9068294555144352,0.937958830632735,0.08911370437823789,3.255448986305978,0.031994981179422836,1.5745561604046673e-05,0.043820224719101124,2.156507122003008e-05,29.518300771713257
/home2020/home/infochimie/aorlov/similibria/data/dels_100/mfp_resp_chembl301/CHEMBL301.npz,/home2020/home/infochimie/aorlov/similibria/data/dels_100/mfp_resp_chembl301/EN26950_1.npz,1780,9011,precomputed,euclidean,1.1917490597290867,0.9623898961419128,0.5034126416571828,0.6252236030635512,0.6140546842010658,0.4530372844464069,,0.02592212592342145,0.7522230065008771,0.04454203262233375,1.1916006587034175e-05,0.04887640449438202,1.3075549623965228e-05,27.63879656791687
/home2020/home/infochimie/aorlov/similibria/data/dels_100/mfp_resp_chembl301/CHEMBL301.npz,/home2020/home/infochimie/aorlov/similibria/data/dels_100/mfp_resp_chembl301/EN27279_1.npz,1780,10000,precomputed,euclidean,1.1968732738700476,0.969442276561545,0.42058692527749214,0.5711847582804463,0.5590026029611644,0.528790548226201,0.8973057543089887,0.02318003022242438,0.48599127219138366,0.04642409033877039,1.0603949369294287e-05,0.052247191011235955,1.1934031752223836e-05,34.766595125198364
/home2020/home/infochimie/aorlov/similibria/data/dels_100/mfp_resp_chembl301/CHEMBL301.npz,/home2020/home/infochimie/aorlov/similibria/data/dels_100/mfp_resp_chembl301/EN2762_1.npz,1780,8499,precomputed,euclidean,1.2200870905539036,1.0059881649793676,0.7213715241438425,0.7914075095037068,0.7891722602304172,0.8679028175122074,,0.08907895806000625,1.8398663909463142,0.012547051442910916,7.544829490625927e-06,0.015168539325842697,9.121190213976366e-06,28.638087272644043
/home2020/home/infochimie/aorlov/similibria/data/dels_100/mfp_resp_chembl301/CHEMBL301.npz,/home2020/home/infochimie/aorlov/similibria/data/dels_100/mfp_resp_chembl301/EN2780_1.npz,1780,9999,precomputed,euclidean,1.2399479406637126,1.0024859600128928,0.5015010765104714,0.6861519854756603,0.6744088047232502,0.8473128689485916,0.9656626714681735,0.024919341808561,3.234472358379484,0.018820577164366373,3.6758939774153073e-06,0.025280898876404494,4.9376755617977525e-06,32.676347970962524
/home2020/home/infochimie/aorlov/similibria/data/dels_100/mfp_resp_chembl301/CHEMBL301.npz,/home2020/home/infochimie/aorlov/similibria/data/dels_100/mfp_resp_chembl301/EN3087_1.npz,1780,9950,precomputed,euclidean,1.3759425848679057,1.1500569901516573,0.7578243278131707,0.8343462196062356,0.8281971615415228,1.3216600389031754,0.9741519945734184,0.07132447132204017,4.109678911404596,0.014429109159347553,6.947091554813459e-06,0.021348314606741574,1.0278437461117753e-05,40.958890438079834
/home2020/home/infochimie/aorlov/similibria/data/dels_100/mfp_resp_chembl301/CHEMBL301.npz,/home2020/home/infochimie/aorlov/similibria/data/dels_100/mfp_resp_chembl301/EN3298_1.npz,1780,10000,precomputed,euclidean,1.25452029268863,1.0135197765797155,0.7475211468042965,0.7752688582594295,0.7750032977803402,1.2997991091849053,,0.039856923054499574,1.0627319626235732,0.0,0.0,0.0,0.0,36.53444480895996
/home2020/home/infochimie/aorlov/similibria/data/dels_100/mfp_resp_chembl301/CHEMBL301.npz,/home2020/home/infochimie/aorlov/similibria/data/dels_100/mfp_resp_chembl301/EN3723_1.npz,1780,10000,precomputed,euclidean,1.3186981016374193,1.0888566121416337,0.6496453832291985,0.7355079311874367,0.730580794448216,1.0481298744794527,0.94724114896429,0.028638213173196845,2.891548868262614,0.02258469259723965,6.5048077757026645e-06,0.03932584269662921,1.1326567596955418e-05,30.998615503311157
/home2020/home/infochimie/aorlov/similibria/data/dels_100/mfp_resp_chembl301/CHEMBL301.npz,/home2020/home/infochimie/aorlov/similibria/data/dels_100/mfp_resp_chembl301/EN3859_1.npz,1780,9055,precomputed,euclidean,1.307255996830537,1.0680113900882302,0.7041284462034232,0.7885723015380711,0.7839688763496558,1.3077737723854401,0.9922838266327325,0.11339402607393947,1.601242005709366,0.002509410288582183,1.1489973848819518e-06,0.0028089887640449437,1.2861670165040952e-06,28.229141235351562
/home2020/home/infochimie/aorlov/similibria/data/dels_100/mfp_resp_chembl301/CHEMBL301.npz,/home2020/home/infochimie/aorlov/similibria/data/dels_100/mfp_resp_chembl301/EN4028_1.npz,1780,8544,precomputed,euclidean,1.2401062685176216,1.0094600751140994,0.6951705337977201,0.7442170935512161,0.7415047889304529,0.8080792839353539,0.9486990999025078,0.06382033576286604,1.2432760135142726,0.023212045169385194,9.292251869249476e-06,0.034269662921348316,1.3718840240731913e-05,24.168739080429077
/home2020/home/infochimie/aorlov/similibria/data/dels_100/mfp_resp_chembl301/CHEMBL301.npz,/home2020/home/infochimie/aorlov/similibria/data/dels_100/mfp_resp_chembl301/EN4505_1.npz,1780,10000,precomputed,euclidean,1.3069624996649052,1.074063600810693,0.7562347559829432,0.8224211764430104,0.8218077144581603,1.3950755701887614,0.9981414285807356,0.031926299194426896,2.094554987448102,0.0,0.0,0.0,0.0,41.41433620452881
/home2020/home/infochimie/aorlov/similibria/data/dels_100/mfp_resp_chembl301/CHEMBL301.npz,/home2020/home/infochimie/aorlov/similibria/data/dels_100/mfp_resp_chembl301/EN5723_1.npz,1780,10000,precomputed,euclidean,1.089505387019525,0.8415432002508247,0.3708024653699672,0.4659384394625437,0.4567638988254709,0.3103736629809789,0.8048338533321815,0.012245735365106761,0.4376411518780736,0.08594730238393977,1.4798089253433157e-05,0.10224719101123596,1.7604543906893245e-05,37.29794526100159
/home2020/home/infochimie/aorlov/similibria/data/dels_100/mfp_resp_chembl301/CHEMBL301.npz,/home2020/home/infochimie/aorlov/similibria/data/dels_100/mfp_resp_chembl301/EN5738_1.npz,1780,9992,precomputed,euclidean,1.2977803692185454,1.054553375806507,0.7065796217117147,0.7902133650766536,0.7893318220960016,1.3131501448025227,0.9947851866528187,0.043752654812787097,1.8513179822749106,0.0,0.0,0.0,0.0,28.749760389328003
/home2020/home/infochimie/aorlov/similibria/data/dels_100/mfp_resp_chembl301/CHEMBL301.npz,/home2020/home/infochimie/aorlov/similibria/data/dels_100/mfp_resp_chembl301/EN6061_1.npz,1780,10000,precomputed,euclidean,1.1771735577069267,0.9435504379278564,0.3641054127631374,0.501894343327648,0.4890032384355012,0.3894360133316994,0.8305492137544079,0.020572121755822917,0.8566266672496904,0.08469259723964868,1.6486781631233927e-05,0.09325842696629214,1.8154258704748324e-05,27.90490412712097
/home2020/home/infochimie/aorlov/similibria/data/dels_100/mfp_resp_chembl301/CHEMBL301.npz,/home2020/home/infochimie/aorlov/similibria/data/dels_100/mfp_resp_chembl301/EN6363_1.npz,1780,8839,precomputed,euclidean,1.227042405754999,0.9953351798259666,0.5796997195497328,0.6828835344491649,0.6750965542291988,0.8418925592037185,0.9467953140833474,0.023897803166819855,0.6898918856072394,0.028230865746549563,6.421943982381611e-06,0.03258426966292135,7.412254245432518e-06,25.63484025001526
/home2020/home/infochimie/aorlov/similibria/data/dels_100/mfp_resp_chembl301/CHEMBL301.npz,/home2020/home/infochimie/aorlov/similibria/data/dels_100/mfp_resp_chembl301/EN6528_1.npz,1780,9438,precomputed,euclidean,1.2634597117433242,1.0350905841891243,0.6718533247249505,0.7625407406986398,0.7600908785995791,1.1151199187072032,0.9925242098022825,0.0576138398824024,4.238674149452296,0.005018820577164366,1.8118485838138505e-06,0.0056179775280898875,2.0281507321624142e-06,30.94996452331543
/home2020/home/infochimie/aorlov/similibria/data/dels_100/mfp_resp_chembl301/CHEMBL301.npz,/home2020/home/infochimie/aorlov/similibria/data/dels_100/mfp_resp_chembl301/EN7172_1.npz,1780,9983,precomputed,euclidean,1.2977520136448681,1.0681532501015616,0.6139289377023437,0.7115534543235713,0.7037952001785457,1.0264812972859032,0.954885235558192,0.019694662046504267,2.223479068920508,0.023212045169385194,5.350863340107237e-06,0.03876404494382023,8.93592552877368e-06,40.602903842926025
/home2020/home/infochimie/aorlov/similibria/data/dels_100/mfp_resp_chembl301/CHEMBL301.npz,/home2020/home/infochimie/aorlov/similibria/data/dels_100/mfp_resp_chembl301/EN7424_1.npz,1780,10000,precomputed,euclidean,1.2307570676613477,1.0000551196928151,0.6046313850638888,0.7202780907295074,0.7127838007025151,0.8734030576669948,0.9666814464205722,0.039539520033213815,0.6914516594588591,0.01944792973651192,4.863198233686402e-06,0.02359550561797753,5.900351492367474e-06,35.31770896911621
/home2020/home/infochimie/aorlov/similibria/data/dels_100/mfp_resp_chembl301/CHEMBL301.npz,/home2020/home/infochimie/aorlov/similibria/data/dels_100/mfp_resp_chembl301/EN8961_1.npz,1780,10000,precomputed,euclidean,1.2354226686115475,1.01005908640287,0.6591713498686816,0.7442578947523362,0.7410450666547609,1.1400289818767835,,0.028674361301504647,0.9923571737521768,0.00439146800501882,9.559138017019635e-07,0.0044943820224719105,9.783156339729887e-07,30.06309175491333
/home2020/home/infochimie/aorlov/similibria/data/dels_100/mfp_resp_chembl301/CHEMBL301.npz,/home2020/home/infochimie/aorlov/similibria/data/dels_100/mfp_resp_chembl301/EN9354_1.npz,1780,9312,precomputed,euclidean,1.0846033896674652,0.8747174599723646,0.6720452383220707,0.698077237646278,0.6977079740482033,0.909212823529435,,0.021002042683475507,1.1020048161408516,0.0006273525721455458,1.4542247847601894e-07,0.0005617977528089888,1.3022664645549115e-07,31.36793828010559
/home2020/home/infochimie/aorlov/similibria/data/dels_100/mfp_resp_chembl301/CHEMBL301.npz,/home2020/home/infochimie/aorlov/similibria/data/dels_100/mfp_resp_chembl301/EN93_1.npz,1780,9997,precomputed,euclidean,1.2952721957551574,1.0621472167845585,0.4924422489085097,0.7063438071867889,0.6937089223523505,0.9406873034991581,,0.028605366767603273,1.7559602131309675,0.030112923462986198,6.773037216146243e-06,0.04044943820224719,9.097939316744757e-06,36.630635261535645
/home2020/home/infochimie/aorlov/similibria/data/dels_100/mfp_resp_chembl301/CHEMBL301.npz,/home2020/home/infochimie/aorlov/similibria/data/dels_100/mfp_resp_chembl301/EN9803_1.npz,1780,9962,precomputed,euclidean,1.249712413117015,1.0180456350482974,0.40491299743341835,0.5948275395495115,0.5778516681202498,0.6130198110749061,0.9017744184218727,0.021606088586741828,1.2549326070656657,0.0451693851944793,9.493355442303342e-06,0.06573033707865168,1.3814698839565296e-05,25.537168979644775
/home2020/home/infochimie/aorlov/similibria/data/dels_100/mfp_resp_chembl301/CHEMBL301.npz,/home2020/home/infochimie/aorlov/similibria/data/dels_100/mfp_resp_chembl301/EN9951_1.npz,1780,9029,precomputed,euclidean,1.2594223907397857,1.0218029394653436,0.7235305911557727,0.7919887229635797,0.7861577690914313,1.0589304042895848,0.9773316735473327,0.0661856565843144,1.4709714940793446,0.008155583437892095,2.6626129408723784e-06,0.021348314606741574,6.969740322148735e-06,27.094594478607178
