reference_path,query_path,reference_count,query_count,fingerprint_type,distance_type,mean_pairwise,mean_pairwise_threshold,mean_pairwise_median_threshold,s_min,knn,weighted_knn,chamfer,sinkhorn,centroid,covered_fraction,MW2_GTM,RP_GTM,wRP_GTM,computation_time
/home2020/home/infochimie/aorlov/similibria/data/dels_100/CHEMBL301.npz,/home2020/home/infochimie/aorlov/similibria/data/dels_100/mfp/EN10412_1.npz,1780,9696,precomputed,tanimoto,0.6854009682654122,0.3377352286180676,0.6297284414708755,0.45306613697723447,0.48082624999074874,0.4806688025406113,0.4581272127366512,0.9632318374901978,0.4486320648566171,0.024719101123595506,,,,13.643843650817871
/home2020/home/infochimie/aorlov/similibria/data/dels_100/CHEMBL301.npz,/home2020/home/infochimie/aorlov/similibria/data/dels_100/mfp/EN10507_1.npz,1780,9412,precomputed,tanimoto,0.5707278613825553,0.33520088599253267,0.5045547949168075,0.4084951785330786,0.42368815811522,0.42363939047142857,0.321051970599112,0.9647715539552819,0.2566249845676446,0.21292134831460674,,,,13.185390949249268
/home2020/home/infochimie/aorlov/similibria/data/dels_100/CHEMBL301.npz,/home2020/home/infochimie/aorlov/similibria/data/dels_100/mfp/EN10558_1.npz,1780,9946,precomputed,tanimoto,0.6464810159148943,0.33426662879176994,0.5892806748314889,0.42678234879934257,0.4555882805812001,0.45542485904009133,0.41502222167648184,,0.3523605849318977,0.09269662921348315,,,,14.79497766494751
/home2020/home/infochimie/aorlov/similibria/data/dels_100/CHEMBL301.npz,/home2020/home/infochimie/aorlov/similibria/data/dels_100/mfp/EN10571_1.npz,1780,10000,precomputed,tanimoto,0.6812853446839546,0.34905660377358494,0.631193603289889,0.5005107186885567,0.5167657585406571,0.5167080461522896,0.5170323907151626,0.9674667545881234,0.4448295313508899,0.0005617977528089888,,,,31.564876794815063
/home2020/home/infochimie/aorlov/similibria/data/dels_100/CHEMBL301.npz,/home2020/home/infochimie/aorlov/similibria/data/dels_100/mfp/EN10726_1.npz,1780,9814,precomputed,tanimoto,0.7414448278738573,0.3348082226268389,0.6757133882495014,0.4744472467890579,0.5028476458385478,0.5026921111739702,0.5528767490695159,0.9598263108841625,0.5186695827378869,0.006179775280898876,,,,15.457220554351807
/home2020/home/infochimie/aorlov/similibria/data/dels_100/CHEMBL301.npz,/home2020/home/infochimie/aorlov/similibria/data/dels_100/mfp/EN1111_1.npz,1780,9981,precomputed,tanimoto,0.7733601993841657,0.3360232025079859,0.7041824428344067,0.46289231658478985,0.4999428889585337,0.4996441247121856,0.560817212090499,0.9712419578171192,0.5765253746969596,0.026404494382022473,,,,14.950353622436523
/home2020/home/infochimie/aorlov/similibria/data/dels_100/CHEMBL301.npz,/home2020/home/infochimie/aorlov/similibria/data/dels_100/mfp/EN11303_1.npz,1780,10000,precomputed,tanimoto,0.5466055627670049,0.337411478658389,0.49248698008315683,0.43575780528330005,0.4461877135293677,0.44615826274866394,0.3446996586505725,0.9883384884568505,0.26926905328611483,0.05449438202247191,,,,14.994675159454346
/home2020/home/infochimie/aorlov/similibria/data/dels_100/CHEMBL301.npz,/home2020/home/infochimie/aorlov/similibria/data/dels_100/mfp/EN11510_1.npz,1780,9965,precomputed,tanimoto,0.5876883071514145,0.3341774900191763,0.5312096834126449,0.3987667856939604,0.42272330461898244,0.4226114079846879,0.3410895316894733,0.9601732596347362,0.2390663077990638,0.23258426966292134,,,,25.934565544128418
/home2020/home/infochimie/aorlov/similibria/data/dels_100/CHEMBL301.npz,/home2020/home/infochimie/aorlov/similibria/data/dels_100/mfp/EN11789_1.npz,1780,6992,precomputed,tanimoto,0.64516742333608,0.33658714630278075,0.58542586403167,0.45173406522560416,0.4762858830826589,0.47614406962938954,0.42690923256293156,0.9705825551117007,0.3981500859506203,0.038202247191011236,,,,14.795933723449707
/home2020/home/infochimie/aorlov/similibria/data/dels_100/CHEMBL301.npz,/home2020/home/infochimie/aorlov/similibria/data/dels_100/mfp/EN1286_1.npz,1780,9974,precomputed,tanimoto,0.806236912272026,,0.7498964285815449,0.5529929308673097,0.584566253865459,0.5843807421341323,0.6842172967046134,0.9774049977654587,0.6633704435143308,0.0,,,,16.012321710586548
/home2020/home/infochimie/aorlov/similibria/data/dels_100/CHEMBL301.npz,/home2020/home/infochimie/aorlov/similibria/data/dels_100/mfp/EN1310_1.npz,1780,10000,precomputed,tanimoto,0.6697496823270759,0.3364602736842226,0.5974878840423772,0.4097187565046756,0.4417085121315557,0.44152491739653354,0.42843654474480697,,0.3494352613821442,0.15224719101123596,,,,14.327004432678223
/home2020/home/infochimie/aorlov/similibria/data/dels_100/CHEMBL301.npz,/home2020/home/infochimie/aorlov/similibria/data/dels_100/mfp/EN13337_1.npz,1780,9723,precomputed,tanimoto,0.7261095055039568,,0.6836697809116158,0.5544876005407904,0.5720781874475678,0.5719934837687575,0.6147142386912612,0.9815687625352875,0.5429613617762525,0.0,,,,25.472994327545166
/home2020/home/infochimie/aorlov/similibria/data/dels_100/CHEMBL301.npz,/home2020/home/infochimie/aorlov/similibria/data/dels_100/mfp/EN1333_1.npz,1780,9994,precomputed,tanimoto,0.703951546283263,0.33347821205222755,0.6390855391518887,0.44006869202454507,0.4787424054459864,0.4784406312198252,0.46193123128390634,0.9679210033333104,0.4377385473637533,0.0449438202247191,,,,13.282728433609009
/home2020/home/infochimie/aorlov/similibria/data/dels_100/CHEMBL301.npz,/home2020/home/infochimie/aorlov/similibria/data/dels_100/mfp/EN13369_1.npz,1780,9998,precomputed,tanimoto,0.6579418165582129,0.33958314355171226,0.6021953349015483,0.4479543813500711,0.4727871081788252,0.47266700203091916,0.4423131993861811,0.9649364168506218,0.4112383735251969,0.01741573033707865,,,,16.554284811019897
/home2020/home/infochimie/aorlov/similibria/data/dels_100/CHEMBL301.npz,/home2020/home/infochimie/aorlov/similibria/data/dels_100/mfp/EN13822_1.npz,1780,9238,precomputed,tanimoto,0.7436758213291924,0.33368574373582377,0.6525089717210926,0.4409769609264714,0.47625010937602363,0.47595958993293136,0.5220847263670859,,0.5398725719455078,0.07752808988764046,,,,14.465801000595093
/home2020/home/infochimie/aorlov/similibria/data/dels_100/CHEMBL301.npz,/home2020/home/infochimie/aorlov/similibria/data/dels_100/mfp/EN1450_1.npz,1780,10000,precomputed,tanimoto,0.8734377207992883,0.3270676691729323,0.8042352831457158,0.5291993602750598,0.5769873229530602,0.5765404917805654,0.7161473636450532,0.9754687965282469,0.8095574447459903,0.0005617977528089888,,,,15.730857372283936
/home2020/home/infochimie/aorlov/similibria/data/dels_100/CHEMBL301.npz,/home2020/home/infochimie/aorlov/similibria/data/dels_100/mfp/EN14596_1.npz,1780,10000,precomputed,tanimoto,0.7706393093833676,,0.7031468317172693,0.5256359864221292,0.5524107414578403,0.5522804600874122,0.5969855515172968,0.9704216411565796,0.6016661684613607,0.0,,,,15.228308200836182
/home2020/home/infochimie/aorlov/similibria/data/dels_100/CHEMBL301.npz,/home2020/home/infochimie/aorlov/similibria/data/dels_100/mfp/EN14813_1.npz,1780,9718,precomputed,tanimoto,0.6884992143945087,,0.6381309285852417,0.523928671350645,0.541207792949738,0.5411442697959282,0.5482970297830961,0.9773585622186554,0.500861642220797,0.0,,,,15.074863910675049
/home2020/home/infochimie/aorlov/similibria/data/dels_100/CHEMBL301.npz,/home2020/home/infochimie/aorlov/similibria/data/dels_100/mfp/EN14921_1.npz,1780,10000,precomputed,tanimoto,0.762722877146705,0.3389370031798109,0.692168451981541,0.4762063632036878,0.5081938034095884,0.5079284908485235,0.5679962725723772,0.9693599447841349,0.6151080167686378,0.014606741573033709,,,,15.375838994979858
/home2020/home/infochimie/aorlov/similibria/data/dels_100/CHEMBL301.npz,/home2020/home/infochimie/aorlov/similibria/data/dels_100/mfp/EN15029_1.npz,1780,9761,precomputed,tanimoto,0.5747215587436537,0.33626316663468225,0.5225121312649686,0.4290334472318164,0.44452005005319356,0.44447091292775665,0.373633543261228,0.9760479614692056,0.2794419218674078,0.11573033707865168,,,,15.910236358642578
/home2020/home/infochimie/aorlov/similibria/data/dels_100/CHEMBL301.npz,/home2020/home/infochimie/aorlov/similibria/data/dels_100/mfp/EN15134_1.npz,1780,9709,precomputed,tanimoto,0.6291367778285064,0.3344344511864445,0.5721490291782755,0.423767690290972,0.44431132524383093,0.44419465655192675,0.4062963195620705,,0.3296526540926825,0.07696629213483146,,,,17.05506134033203
/home2020/home/infochimie/aorlov/similibria/data/dels_100/CHEMBL301.npz,/home2020/home/infochimie/aorlov/similibria/data/dels_100/mfp/EN15679_1.npz,1780,9985,precomputed,tanimoto,0.8286664649439746,,0.7662917298287891,0.5868526821638133,0.6124091674469883,0.6122540406736382,0.7545108077700469,0.9731696632409497,0.7260821289545965,0.0,,,,15.182258605957031
/home2020/home/infochimie/aorlov/similibria/data/dels_100/CHEMBL301.npz,/home2020/home/infochimie/aorlov/similibria/data/dels_100/mfp/EN15881_1.npz,1780,9985,precomputed,tanimoto,0.8569035463078949,,0.7802450457084158,0.5121737272780499,0.5479567428783121,0.5477117408407693,0.6790694776524795,0.9755696291976333,0.776739005575396,0.0,,,,13.49165415763855
/home2020/home/infochimie/aorlov/similibria/data/dels_100/CHEMBL301.npz,/home2020/home/infochimie/aorlov/similibria/data/dels_100/mfp/EN16033_1.npz,1780,10000,precomputed,tanimoto,0.7290803440942313,,0.6488100132118463,0.5071334304503148,0.5240539664790069,0.5239904494316496,0.541581293362394,0.975616905862337,0.5394023761934394,0.0,,,,16.539543628692627
/home2020/home/infochimie/aorlov/similibria/data/dels_100/CHEMBL301.npz,/home2020/home/infochimie/aorlov/similibria/data/dels_100/mfp/EN16237_1.npz,1780,9954,precomputed,tanimoto,0.7429076809729277,0.34094695655257057,0.6723653371436659,0.45550951792841576,0.4842009224721929,0.48404638882461215,0.5268964552428629,0.967483778808386,0.5406224839788397,0.007303370786516854,,,,13.704694747924805
/home2020/home/infochimie/aorlov/similibria/data/dels_100/CHEMBL301.npz,/home2020/home/infochimie/aorlov/similibria/data/dels_100/mfp/EN16316_1.npz,1780,9997,precomputed,tanimoto,0.7865537101285979,0.3345191710881067,0.7204236147586484,0.4622121887643401,0.500971318079717,0.5007021987558106,0.5744530456890284,0.9672505760802914,0.5994672464152964,0.0022471910112359553,,,,15.800283193588257
/home2020/home/infochimie/aorlov/similibria/data/dels_100/CHEMBL301.npz,/home2020/home/infochimie/aorlov/similibria/data/dels_100/mfp/EN16364_1.npz,1780,9996,precomputed,tanimoto,0.6578796198195638,0.3366763764470914,0.6092208972834902,0.43695021511887044,0.4712428706133162,0.47102265791733994,0.44485051930402975,0.970084747028378,0.3906755015878888,0.046067415730337076,,,,15.567324161529541
/home2020/home/infochimie/aorlov/similibria/data/dels_100/CHEMBL301.npz,/home2020/home/infochimie/aorlov/similibria/data/dels_100/mfp/EN16401_1.npz,1780,9998,precomputed,tanimoto,0.613041553760345,0.340682770812461,0.5600191661183788,0.42303752789492804,0.44969972159487925,0.4495803033718842,0.3880326799251432,0.9680866451919572,0.3440999223901404,0.06629213483146068,,,,15.285863637924194
/home2020/home/infochimie/aorlov/similibria/data/dels_100/CHEMBL301.npz,/home2020/home/infochimie/aorlov/similibria/data/dels_100/mfp/EN16611_1.npz,1780,9788,precomputed,tanimoto,0.5713012972528608,0.33001859174931725,0.5204321762748583,0.40454011139365875,0.42519214152809437,0.4250112126629731,0.3370508117705941,0.9744929131416945,0.2367616629309629,0.19831460674157303,,,,15.085692405700684
/home2020/home/infochimie/aorlov/similibria/data/dels_100/CHEMBL301.npz,/home2020/home/infochimie/aorlov/similibria/data/dels_100/mfp/EN1669_1.npz,1780,9633,precomputed,tanimoto,0.5650536908850355,0.3322354101536835,0.5019567638315627,0.3940618524630639,0.41152365153451786,0.4114480160340834,0.3288041356731514,0.9552947929965936,0.19979291609181216,0.2966292134831461,,,,15.356936931610107
/home2020/home/infochimie/aorlov/similibria/data/dels_100/CHEMBL301.npz,/home2020/home/infochimie/aorlov/similibria/data/dels_100/mfp/EN16700_1.npz,1780,9443,precomputed,tanimoto,0.5331639366384665,0.3248225171724337,0.46419796498644594,0.374037310408596,0.39160694177983413,0.391544136025186,0.2837219398981602,0.9431071208685593,0.17654099300162307,0.36741573033707864,,,,25.58619713783264
/home2020/home/infochimie/aorlov/similibria/data/dels_100/CHEMBL301.npz,/home2020/home/infochimie/aorlov/similibria/data/dels_100/mfp/EN16737_1.npz,1780,8712,precomputed,tanimoto,0.5973032244920545,0.33973842921588154,0.5473005703840621,0.46471298247030096,0.4796224232084284,0.4795699081922682,0.4040257248321114,,0.293856218656777,0.0033707865168539327,,,,14.532910108566284
/home2020/home/infochimie/aorlov/similibria/data/dels_100/CHEMBL301.npz,/home2020/home/infochimie/aorlov/similibria/data/dels_100/mfp/EN17081_1.npz,1780,9998,precomputed,tanimoto,0.6158246647422405,0.33407291904406666,0.5487243642703841,0.4003739678622281,0.42560490452244654,0.4254879955016624,0.3803614733477448,0.9633707701201254,0.27810462787168344,0.2353932584269663,,,,13.338630437850952
/home2020/home/infochimie/aorlov/similibria/data/dels_100/CHEMBL301.npz,/home2020/home/infochimie/aorlov/similibria/data/dels_100/mfp/EN17108_1.npz,1780,9999,precomputed,tanimoto,0.7199229496768317,,0.6634991095966255,0.5038311885666104,0.5284092841843375,0.5282975305321812,0.5486995339790947,0.9688437026789032,0.5211698006167087,0.0,,,,16.27616596221924
/home2020/home/infochimie/aorlov/similibria/data/dels_100/CHEMBL301.npz,/home2020/home/infochimie/aorlov/similibria/data/dels_100/mfp/EN17372_1.npz,1780,9888,precomputed,tanimoto,0.6595064852231124,0.33433642254826423,0.608478354758307,0.4317467838099471,0.46271469111039704,0.4625058290929554,0.44692838525456974,0.9689918727792213,0.3930537609093968,0.1,,,,19.44115447998047
/home2020/home/infochimie/aorlov/similibria/data/dels_100/CHEMBL301.npz,/home2020/home/infochimie/aorlov/similibria/data/dels_100/mfp/EN17751_1.npz,1780,9591,precomputed,tanimoto,0.655963841486942,0.335581814670256,0.5928541826205862,0.42074959977957704,0.4509250157140602,0.45069164024183717,0.4160402915902969,0.9509565237849626,0.3527590014313454,0.12640449438202248,,,,15.930796384811401
/home2020/home/infochimie/aorlov/similibria/data/dels_100/CHEMBL301.npz,/home2020/home/infochimie/aorlov/similibria/data/dels_100/mfp/EN17795_1.npz,1780,9196,precomputed,tanimoto,0.705448188021661,0.3347331896953465,0.634924691785367,0.42538789997867643,0.449908813905272,0.44978582326276034,0.46125222567643975,0.9657180685350126,0.4772123077088056,0.09719101123595505,,,,16.064836263656616
/home2020/home/infochimie/aorlov/similibria/data/dels_100/CHEMBL301.npz,/home2020/home/infochimie/aorlov/similibria/data/dels_100/mfp/EN18190_1.npz,1780,9976,precomputed,tanimoto,0.6168046946634184,0.33112969006242915,0.5605790909875611,0.4179472725419754,0.44384142558618317,0.4437040531975652,0.38623508505273196,0.971286358198246,0.3195398512296178,0.08651685393258426,,,,31.415141105651855
/home2020/home/infochimie/aorlov/similibria/data/dels_100/CHEMBL301.npz,/home2020/home/infochimie/aorlov/similibria/data/dels_100/mfp/EN18266_1.npz,1780,9947,precomputed,tanimoto,0.6028527273172294,0.3320562554508025,0.541569223070619,0.415157028647062,0.4389643060509876,0.43885470621100564,0.3675368829702803,,0.32478397357361555,0.22808988764044943,,,,15.260632514953613
/home2020/home/infochimie/aorlov/similibria/data/dels_100/CHEMBL301.npz,/home2020/home/infochimie/aorlov/similibria/data/dels_100/mfp/EN18290_1.npz,1780,9905,precomputed,tanimoto,0.6350454001138355,0.3383449221338272,0.5813457193174844,0.49513098758812557,0.511358774118165,0.5112987227080849,0.46609753647276175,0.9874181757271906,0.46954047286119693,0.0016853932584269663,,,,15.290361166000366
/home2020/home/infochimie/aorlov/similibria/data/dels_100/CHEMBL301.npz,/home2020/home/infochimie/aorlov/similibria/data/dels_100/mfp/EN18740_1.npz,1780,9846,precomputed,tanimoto,0.5990869621086741,0.3423159721111492,0.5491551462946094,0.47811666046396656,0.49572388198959333,0.4956677335824461,0.41791100700930317,0.9918529324744243,0.35138521594812255,0.0033707865168539327,,,,15.43221640586853
/home2020/home/infochimie/aorlov/similibria/data/dels_100/CHEMBL301.npz,/home2020/home/infochimie/aorlov/similibria/data/dels_100/mfp/EN18889_1.npz,1780,9962,precomputed,tanimoto,0.5748712425523353,0.3348432300114994,0.5219697438369965,0.39547147247068803,0.41887697506974375,0.41877953664057777,0.33878514053301045,,0.22265748742868863,0.2612359550561798,,,,14.295765161514282
/home2020/home/infochimie/aorlov/similibria/data/dels_100/CHEMBL301.npz,/home2020/home/infochimie/aorlov/similibria/data/dels_100/mfp/EN19015_1.npz,1780,8941,precomputed,tanimoto,0.73157682958844,0.33367611346656456,0.6723513437264138,0.47339679762933434,0.5060652158113427,0.505817089808955,0.5585550988384833,0.9742154809144133,0.5332159211864769,0.007303370786516854,,,,12.886841773986816
/home2020/home/infochimie/aorlov/similibria/data/dels_100/CHEMBL301.npz,/home2020/home/infochimie/aorlov/similibria/data/dels_100/mfp/EN1912_1.npz,1780,9999,precomputed,tanimoto,0.7233442788383497,,0.671475561825328,0.5432217971197983,0.566278778091641,0.5661797761255373,0.6051940561267934,0.9801783146363375,0.5158375339706934,0.0,,,,13.750726222991943
/home2020/home/infochimie/aorlov/similibria/data/dels_100/CHEMBL301.npz,/home2020/home/infochimie/aorlov/similibria/data/dels_100/mfp/EN19139_1.npz,1780,9953,precomputed,tanimoto,0.7907151621614041,,0.7114456552774097,0.5186599072493653,0.5394931294199098,0.5393885509849778,0.6198587512726599,0.9812474384290297,0.6455232870162417,0.0,,,,15.669651746749878
/home2020/home/infochimie/aorlov/similibria/data/dels_100/CHEMBL301.npz,/home2020/home/infochimie/aorlov/similibria/data/dels_100/mfp/EN19659_1.npz,1780,9997,precomputed,tanimoto,0.7974014887438624,,0.7206049471777435,0.5633487832390071,0.5869425435532136,0.5868160764901519,0.6733152628905659,0.9808296114630766,0.6701065658131262,0.0,,,,19.42549180984497
/home2020/home/infochimie/aorlov/similibria/data/dels_100/CHEMBL301.npz,/home2020/home/infochimie/aorlov/similibria/data/dels_100/mfp/EN19734_1.npz,1780,9185,precomputed,tanimoto,0.6121168054103149,0.33198509343690574,0.550598110582029,0.422257337437172,0.44088946629247144,0.4408218035609165,0.3845973320103264,0.9525962964023771,0.2801439944457116,0.1646067415730337,,,,14.718951940536499
/home2020/home/infochimie/aorlov/similibria/data/dels_100/CHEMBL301.npz,/home2020/home/infochimie/aorlov/similibria/data/dels_100/mfp/EN19784_1.npz,1780,8755,precomputed,tanimoto,0.7370398691233037,,0.6771895643489048,0.5704255060479669,0.5831958194237221,0.5831567475822159,0.6462942299505623,0.9922904384493356,0.5514391261971379,0.0,,,,15.128908157348633
/home2020/home/infochimie/aorlov/similibria/data/dels_100/CHEMBL301.npz,/home2020/home/infochimie/aorlov/similibria/data/dels_100/mfp/EN19801_1.npz,1780,9889,precomputed,tanimoto,0.7239202696689562,0.3422397681062311,0.655280652138058,0.4748252405184527,0.5049663899488724,0.5048026489545125,0.5018369441746453,0.9689023422699841,0.4929517217793009,0.0028089887640449437,,,,14.867628335952759
/home2020/home/infochimie/aorlov/similibria/data/dels_100/CHEMBL301.npz,/home2020/home/infochimie/aorlov/similibria/data/dels_100/mfp/EN19861_1.npz,1780,9776,precomputed,tanimoto,0.7791276352828109,0.3347529580948845,0.7122059537735161,0.48038942941016677,0.5096108222236656,0.5094522093639174,0.6021486087313117,0.9645150544274301,0.5995476248229763,0.0028089887640449437,,,,14.720407724380493
/home2020/home/infochimie/aorlov/similibria/data/dels_100/CHEMBL301.npz,/home2020/home/infochimie/aorlov/similibria/data/dels_100/mfp/EN1993_1.npz,1780,9986,precomputed,tanimoto,0.6775389929351399,0.3350028809084782,0.614009126882162,0.4310903399199932,0.46467352343446894,0.46441069474144697,0.4480856953523763,,0.44760406661628815,0.09382022471910112,,,,13.981239080429077
/home2020/home/infochimie/aorlov/similibria/data/dels_100/CHEMBL301.npz,/home2020/home/infochimie/aorlov/similibria/data/dels_100/mfp/EN20878_1.npz,1780,9999,precomputed,tanimoto,0.7278605299339496,0.3353297757956206,0.6642666741212961,0.47401184190463547,0.5013707819294679,0.5012348028883943,0.529508017268318,0.9589762303814028,0.4918849272536804,0.0022471910112359553,,,,14.722090482711792
/home2020/home/infochimie/aorlov/similibria/data/dels_100/CHEMBL301.npz,/home2020/home/infochimie/aorlov/similibria/data/dels_100/mfp/EN20884_1.npz,1780,9790,precomputed,tanimoto,0.5667225240805902,0.33250161765228087,0.5128512765347066,0.3913265646970225,0.41119129966276896,0.41110701208329187,0.33269868053096385,0.9595951850395342,0.20037003044570645,0.28820224719101123,,,,12.84399700164795
/home2020/home/infochimie/aorlov/similibria/data/dels_100/CHEMBL301.npz,/home2020/home/infochimie/aorlov/similibria/data/dels_100/mfp/EN20900_1.npz,1780,9998,precomputed,tanimoto,0.5983131650405187,0.3365587115781647,0.5395288281535116,0.40737783689547125,0.43315306302636997,0.4330209721800007,0.34581016258973407,0.968532998603991,0.30344577929192906,0.1702247191011236,,,,15.245712280273438
/home2020/home/infochimie/aorlov/similibria/data/dels_100/CHEMBL301.npz,/home2020/home/infochimie/aorlov/similibria/data/dels_100/mfp/EN21133_1.npz,1780,9516,precomputed,tanimoto,0.6937820911126569,,0.6411647348558519,0.48669316909537746,0.5056598052977025,0.5055691979526614,0.5030771093254943,0.9721631598732146,0.5065852787163712,0.0,,,,14.954577684402466
/home2020/home/infochimie/aorlov/similibria/data/dels_100/CHEMBL301.npz,/home2020/home/infochimie/aorlov/similibria/data/dels_100/mfp/EN21371_1.npz,1780,9992,precomputed,tanimoto,0.6228200014688402,0.33420627918768875,0.5557868180620936,0.3957557179209786,0.4268427651483183,0.42667062288496277,0.3658261899699514,0.9673017023993445,0.28501982910523005,0.2101123595505618,,,,31.39953327178955
/home2020/home/infochimie/aorlov/similibria/data/dels_100/CHEMBL301.npz,/home2020/home/infochimie/aorlov/similibria/data/dels_100/mfp/EN21510_1.npz,1780,9993,precomputed,tanimoto,0.7788735980561362,0.3323991599212589,0.7146343479183337,0.4619201889913655,0.5082967847592389,0.507873363950601,0.5566948607323597,,0.593705134814967,0.0033707865168539327,,,,14.780051946640015
/home2020/home/infochimie/aorlov/similibria/data/dels_100/CHEMBL301.npz,/home2020/home/infochimie/aorlov/similibria/data/dels_100/mfp/EN21535_1.npz,1780,8936,precomputed,tanimoto,0.6891289572408822,0.33136094674556216,0.6336012127328149,0.5074469613789198,0.5207523739991973,0.5207060786413843,0.544421019895674,0.9838460984817332,0.4661314496603568,0.0005617977528089888,,,,15.757208108901978
/home2020/home/infochimie/aorlov/similibria/data/dels_100/CHEMBL301.npz,/home2020/home/infochimie/aorlov/similibria/data/dels_100/mfp/EN2164_1.npz,1780,9983,precomputed,tanimoto,0.7310370533874163,,0.6710670795111546,0.546688878202307,0.5644689018135076,0.5644016502983804,0.6130108904918841,0.9881939192606684,0.5637496749725188,0.0,,,,16.054871797561646
/home2020/home/infochimie/aorlov/similibria/data/dels_100/CHEMBL301.npz,/home2020/home/infochimie/aorlov/similibria/data/dels_100/mfp/EN21671_1.npz,1780,9981,precomputed,tanimoto,0.680371387634143,0.33296233601208786,0.6062089880108237,0.4101615494300296,0.4464282729495126,0.44619297077866144,0.4233265358117445,0.9671959273929356,0.40886029051900297,0.1348314606741573,,,,16.04251503944397
/home2020/home/infochimie/aorlov/similibria/data/dels_100/CHEMBL301.npz,/home2020/home/infochimie/aorlov/similibria/data/dels_100/mfp/EN21726_1.npz,1780,9963,precomputed,tanimoto,0.6888391913790106,0.3348096035459936,0.6247390807149191,0.44896348629368754,0.4784567752329309,0.4782897748865968,0.4733966304803051,0.9692499187957289,0.40640602675161475,0.03932584269662921,,,,13.220743417739868
/home2020/home/infochimie/aorlov/similibria/data/dels_100/CHEMBL301.npz,/home2020/home/infochimie/aorlov/similibria/data/dels_100/mfp/EN21886_1.npz,1780,9192,precomputed,tanimoto,0.7392875901591572,,0.6763909547856519,0.4926130007553641,0.5201084157549913,0.5199486397311598,0.5535619722814742,0.974659582951846,0.5537894362226743,0.0,,,,15.084670305252075
/home2020/home/infochimie/aorlov/similibria/data/dels_100/CHEMBL301.npz,/home2020/home/infochimie/aorlov/similibria/data/dels_100/mfp/EN22605_1.npz,1780,9382,precomputed,tanimoto,0.5887643652445497,0.3370387169542032,0.53735152585382,0.414458521874246,0.4339222933398553,0.4338172047131294,0.36870605763543496,,0.2375743811166422,0.09325842696629214,,,,7.226543188095093
/home2020/home/infochimie/aorlov/similibria/data/dels_100/CHEMBL301.npz,/home2020/home/infochimie/aorlov/similibria/data/dels_100/mfp/EN22698_1.npz,1780,9998,precomputed,tanimoto,0.743092957127294,0.3326108235250716,0.6789249268356682,0.4328662036223892,0.47441098437866264,0.4740684673686121,0.48487002298603565,0.9578935478789854,0.5098708125984431,0.042134831460674156,,,,25.390883922576904
/home2020/home/infochimie/aorlov/similibria/data/dels_100/CHEMBL301.npz,/home2020/home/infochimie/aorlov/similibria/data/dels_100/mfp/EN23553_1.npz,1780,9994,precomputed,tanimoto,0.6301583110348677,0.3351024821862965,0.5624578137478455,0.39857519898236093,0.42602858143048145,0.4258886213968858,0.38104447032169314,0.9664290533035264,0.321856721167601,0.1797752808988764,,,,14.870575428009033
/home2020/home/infochimie/aorlov/similibria/data/dels_100/CHEMBL301.npz,/home2020/home/infochimie/aorlov/similibria/data/dels_100/mfp/EN23577_1.npz,1780,9727,precomputed,tanimoto,0.6247834683007273,0.3471256684121242,0.5573139863895982,0.4512801373105869,0.4633547363908942,0.4633232697918212,0.42106820153377944,0.981541447559579,0.3557237058467816,0.0022471910112359553,,,,15.757348537445068
/home2020/home/infochimie/aorlov/similibria/data/dels_100/CHEMBL301.npz,/home2020/home/infochimie/aorlov/similibria/data/dels_100/mfp/EN23710_1.npz,1780,9833,precomputed,tanimoto,0.5772676204934453,0.33395789895258177,0.5172582562049061,0.38079247195337634,0.3994189488261128,0.3993491454328512,0.32033669543506077,,0.21401637420747166,0.3202247191011236,,,,14.474303245544434
/home2020/home/infochimie/aorlov/similibria/data/dels_100/CHEMBL301.npz,/home2020/home/infochimie/aorlov/similibria/data/dels_100/mfp/EN23821_1.npz,1780,9933,precomputed,tanimoto,0.58933957168456,0.3370541204608715,0.5367940638315037,0.40997925673082103,0.4325685546851878,0.43247793863743755,0.35398837826480123,0.9616553555197002,0.24133760012506533,0.060674157303370786,,,,14.759847164154053
/home2020/home/infochimie/aorlov/similibria/data/dels_100/CHEMBL301.npz,/home2020/home/infochimie/aorlov/similibria/data/dels_100/mfp/EN24292_1.npz,1780,7510,precomputed,tanimoto,0.5673915265209042,0.33623659093205666,0.5117993332337745,0.423743476439955,0.43820098342964736,0.43815506641754426,0.35478717922193037,,0.3000223172272961,0.15056179775280898,,,,13.27297067642212
/home2020/home/infochimie/aorlov/similibria/data/dels_100/CHEMBL301.npz,/home2020/home/infochimie/aorlov/similibria/data/dels_100/mfp/EN25794_1.npz,1780,9977,precomputed,tanimoto,0.6052241157858672,0.3322923624785942,0.5514231525649641,0.4119599202776584,0.4322707944785225,0.4321715142047668,0.3680154792121061,0.9653645363923997,0.28822688513084227,0.19831460674157303,,,,13.089145421981812
/home2020/home/infochimie/aorlov/similibria/data/dels_100/CHEMBL301.npz,/home2020/home/infochimie/aorlov/similibria/data/dels_100/mfp/EN25873_1.npz,1780,9996,precomputed,tanimoto,0.6300690196243868,0.3300684211985845,0.5665882334025684,0.4047631583037752,0.4309347741737723,0.43079999017129805,0.40390880560828857,0.9636886250643393,0.3499348555374109,0.21853932584269664,,,,13.62875509262085
/home2020/home/infochimie/aorlov/similibria/data/dels_100/CHEMBL301.npz,/home2020/home/infochimie/aorlov/similibria/data/dels_100/mfp/EN25915_1.npz,1780,9948,precomputed,tanimoto,0.663580257694469,0.339293493251883,0.57592877361525,0.4816707790821959,0.4980762073819985,0.49802636733601274,0.4798788223546049,,0.39488803477012213,0.0050561797752808986,,,,7.239084005355835
/home2020/home/infochimie/aorlov/similibria/data/dels_100/CHEMBL301.npz,/home2020/home/infochimie/aorlov/similibria/data/dels_100/mfp/EN25929_1.npz,1780,9996,precomputed,tanimoto,0.8199066184284639,,0.7523637812981019,0.5508344506325461,0.5727464525142311,0.5725880124101046,0.7047751277980576,,0.7017248146836126,0.0,,,,7.051093816757202
/home2020/home/infochimie/aorlov/similibria/data/dels_100/CHEMBL301.npz,/home2020/home/infochimie/aorlov/similibria/data/dels_100/mfp/EN2611_1.npz,1780,9793,precomputed,tanimoto,0.5995365820290897,0.3368597572196426,0.536256204634107,0.4543448760022356,0.46717919698396254,0.4671466501336925,0.41263065436203683,0.9767706135793648,0.28751100753843084,0.09662921348314607,,,,31.614010334014893
/home2020/home/infochimie/aorlov/similibria/data/dels_100/CHEMBL301.npz,/home2020/home/infochimie/aorlov/similibria/data/dels_100/mfp/EN26526_1.npz,1780,9103,precomputed,tanimoto,0.7183253627684616,,0.6596627016429055,0.523489896647866,0.5434895242626512,0.5434032718018207,0.5811039302638017,0.9831246076423802,0.5132918213344703,0.0,,,,14.41007399559021
/home2020/home/infochimie/aorlov/similibria/data/dels_100/CHEMBL301.npz,/home2020/home/infochimie/aorlov/similibria/data/dels_100/mfp/EN26565_1.npz,1780,9953,precomputed,tanimoto,0.8508675091029111,,0.7686344729134372,0.503623080598267,0.5433906185121187,0.5431109543082829,0.6730932343172826,0.9738999907236701,0.7470888064109389,0.0,,,,19.21138906478882
/home2020/home/infochimie/aorlov/similibria/data/dels_100/CHEMBL301.npz,/home2020/home/infochimie/aorlov/similibria/data/dels_100/mfp/EN26744_1.npz,1780,9998,precomputed,tanimoto,0.8225033313873098,0.3481781376518218,0.7598520298060092,0.49675675820895,0.5452387122705402,0.544696880611699,0.6145444573356624,0.9646704416344724,0.683303458485272,0.0005617977528089888,,,,16.090410232543945
/home2020/home/infochimie/aorlov/similibria/data/dels_100/CHEMBL301.npz,/home2020/home/infochimie/aorlov/similibria/data/dels_100/mfp/EN26806_1.npz,1780,9813,precomputed,tanimoto,0.7443693036458711,0.33276157640227433,0.6707213578575135,0.4377249926317151,0.461921036133962,0.46174447103027155,0.4834419356439455,,0.5438156853571876,0.10955056179775281,,,,14.707528829574585
/home2020/home/infochimie/aorlov/similibria/data/dels_100/CHEMBL301.npz,/home2020/home/infochimie/aorlov/similibria/data/dels_100/mfp/EN26950_1.npz,1780,9011,precomputed,tanimoto,0.5592412057032371,0.32901772969316495,0.4956982950774817,0.41066221291755806,0.4276166872620977,0.42754707238433487,0.3216706290118929,0.9760054173040887,0.24218442501435244,0.23764044943820226,,,,14.463073492050171
/home2020/home/infochimie/aorlov/similibria/data/dels_100/CHEMBL301.npz,/home2020/home/infochimie/aorlov/similibria/data/dels_100/mfp/EN27279_1.npz,1780,10000,precomputed,tanimoto,0.6452566983417203,0.33062323782454045,0.5877121739510975,0.43226669060686823,0.451912766720201,0.45182186210217257,0.42305665984227186,0.9603854356086878,0.3247616413999549,0.1303370786516854,,,,15.79360818862915
/home2020/home/infochimie/aorlov/similibria/data/dels_100/CHEMBL301.npz,/home2020/home/infochimie/aorlov/similibria/data/dels_100/mfp/EN2762_1.npz,1780,8499,precomputed,tanimoto,0.6584899826717996,0.3472453684976944,0.6045222329823398,0.4816203709434251,0.5005098378450621,0.5004415234546692,0.48765458771471926,0.9837814657394599,0.415263387708352,0.0011235955056179776,,,,12.782384872436523
/home2020/home/infochimie/aorlov/similibria/data/dels_100/CHEMBL301.npz,/home2020/home/infochimie/aorlov/similibria/data/dels_100/mfp/EN2780_1.npz,1780,9999,precomputed,tanimoto,0.6397549430973626,0.33315647087700767,0.5682555567109886,0.40487023502867375,0.433351417566315,0.4332132010143974,0.38974586359300106,0.9620736922557966,0.3571776503561135,0.2595505617977528,,,,14.095311403274536
/home2020/home/infochimie/aorlov/similibria/data/dels_100/CHEMBL301.npz,/home2020/home/infochimie/aorlov/similibria/data/dels_100/mfp/EN3087_1.npz,1780,9950,precomputed,tanimoto,0.7652539960586695,,0.7014503908233979,0.517031159889983,0.5493144612556043,0.5491242860990809,0.6056553430836569,0.9765180412279338,0.6039525999244845,0.0,,,,14.388504981994629
/home2020/home/infochimie/aorlov/similibria/data/dels_100/CHEMBL301.npz,/home2020/home/infochimie/aorlov/similibria/data/dels_100/mfp/EN3298_1.npz,1780,10000,precomputed,tanimoto,0.8587271542623637,,0.814668768011478,0.6258508279681783,0.6542726291333882,0.6540505275905447,0.8116516710882858,0.9772555536016783,0.781430265104389,0.0,,,,14.827321767807007
/home2020/home/infochimie/aorlov/similibria/data/dels_100/CHEMBL301.npz,/home2020/home/infochimie/aorlov/similibria/data/dels_100/mfp/EN3723_1.npz,1780,10000,precomputed,tanimoto,0.7322318670682039,0.33743409159731647,0.6597655332804808,0.45280514941024846,0.4835598746608169,0.48335203337916244,0.4961302343028427,0.9744158832407683,0.5469349852953791,0.01348314606741573,,,,16.330188274383545
/home2020/home/infochimie/aorlov/similibria/data/dels_100/CHEMBL301.npz,/home2020/home/infochimie/aorlov/similibria/data/dels_100/mfp/EN3859_1.npz,1780,9055,precomputed,tanimoto,0.6902355519645731,,0.6410785030929242,0.5185768731747676,0.5339053108639475,0.533849501661573,0.5352955257230243,0.980438460411983,0.4691011660165606,0.0,,,,15.429577589035034
/home2020/home/infochimie/aorlov/similibria/data/dels_100/CHEMBL301.npz,/home2020/home/infochimie/aorlov/similibria/data/dels_100/mfp/EN4028_1.npz,1780,8544,precomputed,tanimoto,0.7005683122000318,,0.6500645024357115,0.53360330879491,0.5498244991998675,0.5497644591109193,0.5986329401818935,0.9837258973984049,0.5022549935875885,0.0,,,,14.854349851608276
/home2020/home/infochimie/aorlov/similibria/data/dels_100/CHEMBL301.npz,/home2020/home/infochimie/aorlov/similibria/data/dels_100/mfp/EN4505_1.npz,1780,10000,precomputed,tanimoto,0.8870989123581401,,0.8314434180689273,0.5900777454713738,0.6351268253706052,0.6347891792505478,0.7994129269200655,0.9788306880185134,0.8333358834774296,0.0,,,,14.92112421989441
/home2020/home/infochimie/aorlov/similibria/data/dels_100/CHEMBL301.npz,/home2020/home/infochimie/aorlov/similibria/data/dels_100/mfp/EN5723_1.npz,1780,10000,precomputed,tanimoto,0.5338203838176993,0.3329572722837273,0.4750387583702667,0.3845960730067395,0.4012466185626776,0.4011832216838992,0.28074061317377047,0.9684920465991537,0.19176890458137752,0.3415730337078652,,,,33.288485050201416
/home2020/home/infochimie/aorlov/similibria/data/dels_100/CHEMBL301.npz,/home2020/home/infochimie/aorlov/similibria/data/dels_100/mfp/EN5738_1.npz,1780,9992,precomputed,tanimoto,0.8289983873361256,0.3356762698137221,0.7642292891294534,0.49826983723452994,0.5351228969512799,0.5348365636454604,0.6245580168247165,0.9657872736174755,0.7282581923107616,0.0005617977528089888,,,,33.29034209251404
/home2020/home/infochimie/aorlov/similibria/data/dels_100/CHEMBL301.npz,/home2020/home/infochimie/aorlov/similibria/data/dels_100/mfp/EN6061_1.npz,1780,10000,precomputed,tanimoto,0.568828874145042,0.3357205480010534,0.51457084339988,0.4057556179851927,0.42449755340431605,0.4244004137823126,0.3358109872046945,0.9593221495682894,0.218431495564137,0.17696629213483145,,,,13.798882484436035
/home2020/home/infochimie/aorlov/similibria/data/dels_100/CHEMBL301.npz,/home2020/home/infochimie/aorlov/similibria/data/dels_100/mfp/EN6363_1.npz,1780,8839,precomputed,tanimoto,0.7073109643508724,0.3399665218429666,0.65416671856806,0.48952258134132154,0.5111202458558997,0.5110129213107014,0.5314652491391361,0.9691828881082143,0.47000714309362224,0.008426966292134831,,,,12.747737646102905
/home2020/home/infochimie/aorlov/similibria/data/dels_100/CHEMBL301.npz,/home2020/home/infochimie/aorlov/similibria/data/dels_100/mfp/EN6528_1.npz,1780,9438,precomputed,tanimoto,0.6801810355290306,0.3469727784730914,0.6229840210289446,0.5211286798715028,0.5376239444796802,0.5375691880171755,0.5266685360518655,0.9833948396317075,0.4935074794373615,0.0005617977528089888,,,,15.148642778396606
/home2020/home/infochimie/aorlov/similibria/data/dels_100/CHEMBL301.npz,/home2020/home/infochimie/aorlov/similibria/data/dels_100/mfp/EN7172_1.npz,1780,9983,precomputed,tanimoto,0.7493874466936353,,0.6818609665852622,0.5321533123002922,0.5504995466268808,0.5504294527322235,0.6034043353546272,,0.576818963411675,0.0,,,,14.28437066078186
/home2020/home/infochimie/aorlov/similibria/data/dels_100/CHEMBL301.npz,/home2020/home/infochimie/aorlov/similibria/data/dels_100/mfp/EN7424_1.npz,1780,10000,precomputed,tanimoto,0.6784717362266844,0.32893578105834975,0.6157199309108776,0.4647779534317102,0.48005210285247657,0.4800001729129345,0.47308341166352513,0.9663371839677017,0.39695136646636786,0.09213483146067415,,,,14.568511486053467
/home2020/home/infochimie/aorlov/similibria/data/dels_100/CHEMBL301.npz,/home2020/home/infochimie/aorlov/similibria/data/dels_100/mfp/EN8961_1.npz,1780,10000,precomputed,tanimoto,0.8655571647214495,0.32533333333333336,0.7965262597895145,0.4950387991785197,0.5435116203517726,0.5429797695861497,0.6718673366887897,,0.7790063215262966,0.0005617977528089888,,,,13.874162673950195
/home2020/home/infochimie/aorlov/similibria/data/dels_100/CHEMBL301.npz,/home2020/home/infochimie/aorlov/similibria/data/dels_100/mfp/EN9354_1.npz,1780,9312,precomputed,tanimoto,0.8012134812839632,,0.7480312384749379,0.6226019043608387,0.6423463434444053,0.6422537227374941,0.7902631195981152,0.9856560219327354,0.6651405297186592,0.0,,,,15.232490301132202
/home2020/home/infochimie/aorlov/similibria/data/dels_100/CHEMBL301.npz,/home2020/home/infochimie/aorlov/similibria/data/dels_100/mfp/EN93_1.npz,1780,9997,precomputed,tanimoto,0.736885637449013,0.3286368194652983,0.6776989789370707,0.438446630051978,0.484776801062553,0.4843753000935795,0.5135691669806044,0.9633699313884707,0.5033009327773325,0.06741573033707865,,,,16.369788885116577
/home2020/home/infochimie/aorlov/similibria/data/dels_100/CHEMBL301.npz,/home2020/home/infochimie/aorlov/similibria/data/dels_100/mfp/EN9803_1.npz,1780,9962,precomputed,tanimoto,0.645814173849344,0.3282272877340974,0.5862443740242075,0.40811262785985974,0.44339118600966604,0.44312265089635827,0.3927043573583636,0.9636780681665296,0.3168574294344769,0.17134831460674158,,,,15.303231239318848
/home2020/home/infochimie/aorlov/similibria/data/dels_100/CHEMBL301.npz,/home2020/home/infochimie/aorlov/similibria/data/dels_100/mfp/EN9951_1.npz,1780,9029,precomputed,tanimoto,0.6639054170540252,,0.6039346849482804,0.5093520959174508,0.5229641446104061,0.5229180384993612,0.521520592746229,0.990342939951288,0.457241722102499,0.0,,,,14.956520795822144
