reference_path,query_path,reference_count,query_count,fingerprint_type,distance_type,mean_pairwise,mean_pairwise_threshold,mean_pairwise_median_threshold,s_min,knn,weighted_knn,chamfer,sinkhorn,centroid,covered_fraction,MW2_GTM,RP_GTM,RP_GTM_normalized,wRP_GTM,wRP_GTM_normalized,computation_time
/home2020/home/infochimie/aorlov/similibria/data/dels_100/mfp_resp_chembl301/CHEMBL301.npz,/home2020/home/infochimie/aorlov/similibria/data/dels_100/mfp_resp_chembl301/EN10412_1.npz,1780,9696,precomputed,tanimoto,0.9991654919824228,0.11097482977410889,0.9991654919824228,0.7546201625161302,0.8745529446033926,0.8634901529361042,1.2496346367330236,0.9489345911393009,0.9809650663185879,0.20898876404494382,1.8881363491793874,0.029485570890840654,8.830659146702801e-06,0.043820224719101124,1.3123757028781409e-05,49.803879261016846
/home2020/home/infochimie/aorlov/similibria/data/dels_100/mfp_resp_chembl301/CHEMBL301.npz,/home2020/home/infochimie/aorlov/similibria/data/dels_100/mfp_resp_chembl301/EN10507_1.npz,1780,9412,precomputed,tanimoto,0.9952089368354156,0.06019145629427536,0.9952089368354156,0.6572746786397987,0.7855421043544273,0.7716982516863172,0.7978663129597899,0.8727376044717501,0.8989268745404767,0.3151685393258427,2.0578449770368636,0.07779171894604768,2.056893679165724e-05,0.11404494382022472,3.0154665208943606e-05,35.376697063446045
/home2020/home/infochimie/aorlov/similibria/data/dels_100/mfp_resp_chembl301/CHEMBL301.npz,/home2020/home/infochimie/aorlov/similibria/data/dels_100/mfp_resp_chembl301/EN10558_1.npz,1780,9946,precomputed,tanimoto,0.9985573494268891,0.12499025764553519,0.9985573494268891,0.6594303347024916,0.8265153369446703,0.8098687044233575,1.072480478718456,0.9308236787673865,0.9575659480879595,0.32640449438202246,0.9166918682488818,0.03450439146800502,7.3491781614494185e-06,0.046067415730337076,9.812016129997247e-06,46.050416707992554
/home2020/home/infochimie/aorlov/similibria/data/dels_100/mfp_resp_chembl301/CHEMBL301.npz,/home2020/home/infochimie/aorlov/similibria/data/dels_100/mfp_resp_chembl301/EN10571_1.npz,1780,10000,precomputed,tanimoto,0.9991679731304142,0.10312872357728291,0.9991679731304142,0.8457272734359871,0.8922889841782662,0.8872334923361133,1.5089801877986289,0.9524286267421858,0.9885888759790782,0.15,1.705933569291068,0.027603513174404015,1.0133448301910432e-05,0.04044943820224719,1.4849279809929217e-05,34.088449239730835
/home2020/home/infochimie/aorlov/similibria/data/dels_100/mfp_resp_chembl301/CHEMBL301.npz,/home2020/home/infochimie/aorlov/similibria/data/dels_100/mfp_resp_chembl301/EN10726_1.npz,1780,9814,precomputed,tanimoto,0.9996336891975696,0.1375004025195796,0.9996336891975696,0.8551749943177672,0.9256569551267074,0.9169402434820765,1.5786170541398334,,0.984499801196035,0.13595505617977527,0.7245149408834016,0.015683814303638646,2.865146931611006e-06,0.019101123595505618,3.4894270360806755e-06,27.273304224014282
/home2020/home/infochimie/aorlov/similibria/data/dels_100/mfp_resp_chembl301/CHEMBL301.npz,/home2020/home/infochimie/aorlov/similibria/data/dels_100/mfp_resp_chembl301/EN1111_1.npz,1780,9981,precomputed,tanimoto,0.9998760909921149,0.1215023830789945,0.9998760909921149,0.78051279319509,0.9537095170805945,0.9376281790641,1.6624524704319406,,0.9953828706220853,0.19550561797752808,1.9521159775891987,0.013801756587202008,2.9655686693601218e-06,0.017977528089887642,3.8628122238692825e-06,39.86350703239441
/home2020/home/infochimie/aorlov/similibria/data/dels_100/mfp_resp_chembl301/CHEMBL301.npz,/home2020/home/infochimie/aorlov/similibria/data/dels_100/mfp_resp_chembl301/EN11303_1.npz,1780,10000,precomputed,tanimoto,0.9997386510549163,0.16200108760378829,0.9997386510549163,0.9706660696641125,0.9764406090626845,0.975853892551153,1.6488274810356272,,0.9938299324920364,0.024157303370786518,2.01262498150768,0.002509410288582183,7.333168581479202e-07,0.006741573033707865,1.970068098687278e-06,45.18937826156616
/home2020/home/infochimie/aorlov/similibria/data/dels_100/mfp_resp_chembl301/CHEMBL301.npz,/home2020/home/infochimie/aorlov/similibria/data/dels_100/mfp_resp_chembl301/EN11510_1.npz,1780,9965,precomputed,tanimoto,0.9965034620210701,0.12909734885168167,0.9965034620210701,0.4627657497893039,0.6621771555084377,0.6418889535968781,0.5848030542729549,,0.9030034154494938,0.5134831460674157,1.0708089197498463,0.07904642409033877,1.5939992758689005e-05,0.10393258426966293,2.0958375533305693e-05,39.489800453186035
/home2020/home/infochimie/aorlov/similibria/data/dels_100/mfp_resp_chembl301/CHEMBL301.npz,/home2020/home/infochimie/aorlov/similibria/data/dels_100/mfp_resp_chembl301/EN11789_1.npz,1780,6992,precomputed,tanimoto,0.9998275115407533,0.10967399847274593,0.9998275115407533,0.9861769529833325,0.9906633440108975,0.9904122663327115,1.7380111140651935,0.9931781272131988,0.9959935278203906,0.010674157303370787,3.4526330732116035,0.00439146800501882,1.335198542115786e-06,0.0050561797752808986,1.5373000228886891e-06,34.71880793571472
/home2020/home/infochimie/aorlov/similibria/data/dels_100/mfp_resp_chembl301/CHEMBL301.npz,/home2020/home/infochimie/aorlov/similibria/data/dels_100/mfp_resp_chembl301/EN1286_1.npz,1780,9974,precomputed,tanimoto,0.9999892002059476,0.13112150315475923,0.9999892002059476,0.9780780811406266,0.994838047717435,0.9932325377191007,1.9583379113099646,,0.9996259415967615,0.014606741573033709,1.1212865326089816,0.002509410288582183,5.42340671835354e-07,0.0022471910112359553,4.856691184862665e-07,43.12668561935425
/home2020/home/infochimie/aorlov/similibria/data/dels_100/mfp_resp_chembl301/CHEMBL301.npz,/home2020/home/infochimie/aorlov/similibria/data/dels_100/mfp_resp_chembl301/EN1310_1.npz,1780,10000,precomputed,tanimoto,0.9989925372100019,0.11024642331788778,0.9989925372100019,0.6091433148884513,0.7927726711712784,0.770990734193704,1.0956957142430954,0.9245929778631425,0.9420136154056398,0.3691011235955056,0.9699140273379201,0.04767879548306148,7.556069014748254e-06,0.07415730337078652,1.1752346017557294e-05,50.163543462753296
/home2020/home/infochimie/aorlov/similibria/data/dels_100/mfp_resp_chembl301/CHEMBL301.npz,/home2020/home/infochimie/aorlov/similibria/data/dels_100/mfp_resp_chembl301/EN13337_1.npz,1780,9723,precomputed,tanimoto,0.9999992321728401,0.18157698242763676,0.9999992321728401,0.9984382452722771,0.9996649566534522,0.9996187514133027,1.9955237694432704,0.9999409570922018,0.9999912447171965,0.0005617977528089888,1.9181246246389685,0.0,0.0,0.0,0.0,34.66633129119873
/home2020/home/infochimie/aorlov/similibria/data/dels_100/mfp_resp_chembl301/CHEMBL301.npz,/home2020/home/infochimie/aorlov/similibria/data/dels_100/mfp_resp_chembl301/EN1333_1.npz,1780,9994,precomputed,tanimoto,0.9993251641646885,0.09435281011142341,0.9993251641646885,0.789729819135332,0.8885778398178983,0.8782988493548817,1.4395690904155387,0.9523336681367586,0.9638871617901484,0.19101123595505617,1.5675961310644557,0.038268506900878296,7.50951862262133e-06,0.05449438202247191,1.0693560051505476e-05,38.43400812149048
/home2020/home/infochimie/aorlov/similibria/data/dels_100/mfp_resp_chembl301/CHEMBL301.npz,/home2020/home/infochimie/aorlov/similibria/data/dels_100/mfp_resp_chembl301/EN13369_1.npz,1780,9998,precomputed,tanimoto,0.9993794523785418,0.10805939723635705,0.9993794523785418,0.8929976520073275,0.9407817872758495,0.9349903336322128,1.6378909476313945,0.9713952279736392,0.9897027079013039,0.09662921348314607,1.9149157359145679,0.02383939774153074,6.897973883544774e-06,0.033707865168539325,9.753433208489388e-06,35.209890365600586
/home2020/home/infochimie/aorlov/similibria/data/dels_100/mfp_resp_chembl301/CHEMBL301.npz,/home2020/home/infochimie/aorlov/similibria/data/dels_100/mfp_resp_chembl301/EN13822_1.npz,1780,9238,precomputed,tanimoto,0.9995213666857438,0.14715002817297035,0.9995213666857438,0.8317003020313913,0.9163583599198464,0.9088868948793466,1.548923430080608,0.96537165473758,0.986980287224522,0.1404494382022472,1.6264147946298801,0.012547051442910916,3.0980373933113374e-06,0.014044943820224719,3.467887363018449e-06,183.36712312698364
/home2020/home/infochimie/aorlov/similibria/data/dels_100/mfp_resp_chembl301/CHEMBL301.npz,/home2020/home/infochimie/aorlov/similibria/data/dels_100/mfp_resp_chembl301/EN1450_1.npz,1780,10000,precomputed,tanimoto,0.999981653274641,0.1530088230963586,0.999981653274641,0.9865114107385119,0.9955077471957208,0.9945655418830215,1.9521393538795975,0.9972933582043182,0.9994932954937424,0.010112359550561797,1.245336373047917,0.0012547051442910915,2.9508587589160196e-07,0.0011235955056179776,2.6425105964674923e-07,47.206241607666016
/home2020/home/infochimie/aorlov/similibria/data/dels_100/mfp_resp_chembl301/CHEMBL301.npz,/home2020/home/infochimie/aorlov/similibria/data/dels_100/mfp_resp_chembl301/EN14596_1.npz,1780,10000,precomputed,tanimoto,0.9992557137377863,0.07819100632635707,0.9992557137377863,0.9089170098129634,0.9532938717928806,0.9474634857224621,1.594707950019513,,0.9900602976155803,0.0848314606741573,3.571686100952835,0.01944792973651192,8.748506404188899e-06,0.034269662921348316,1.541595273115084e-05,53.84690618515015
/home2020/home/infochimie/aorlov/similibria/data/dels_100/mfp_resp_chembl301/CHEMBL301.npz,/home2020/home/infochimie/aorlov/similibria/data/dels_100/mfp_resp_chembl301/EN14813_1.npz,1780,9718,precomputed,tanimoto,0.9998566669047178,0.09741773327975556,0.9998566669047178,0.9630393901595476,0.9804598321081314,0.9787300489957954,1.7732601540230122,0.9893934373828919,0.9984470958947456,0.028089887640449437,3.935174363251914,0.0056461731493099125,2.315903670758783e-06,0.007865168539325843,3.2260740522255304e-06,45.536880016326904
/home2020/home/infochimie/aorlov/similibria/data/dels_100/mfp_resp_chembl301/CHEMBL301.npz,/home2020/home/infochimie/aorlov/similibria/data/dels_100/mfp_resp_chembl301/EN14921_1.npz,1780,10000,precomputed,tanimoto,0.9996069163919349,0.06418597894997587,0.9996069163919349,0.962329699177563,0.9790250745740969,0.97679680647195,1.6765602097887562,,0.9971032193956845,0.034269662921348316,4.727971390182892,0.011292346298619825,6.312099663845626e-06,0.016292134831460674,9.106838922001495e-06,41.79372549057007
/home2020/home/infochimie/aorlov/similibria/data/dels_100/mfp_resp_chembl301/CHEMBL301.npz,/home2020/home/infochimie/aorlov/similibria/data/dels_100/mfp_resp_chembl301/EN15029_1.npz,1780,9761,precomputed,tanimoto,0.9991302798224982,0.14570537498721628,0.9991302798224982,0.7425450398466213,0.8856159939094382,0.8728839812919275,1.2051419689783485,,0.9840403639506261,0.20786516853932585,1.4089039644881962,0.02070263488080301,3.964503041134242e-06,0.03314606741573034,6.347389394050237e-06,47.48538875579834
/home2020/home/infochimie/aorlov/similibria/data/dels_100/mfp_resp_chembl301/CHEMBL301.npz,/home2020/home/infochimie/aorlov/similibria/data/dels_100/mfp_resp_chembl301/EN15134_1.npz,1780,9709,precomputed,tanimoto,0.9976573203899861,0.11269213505494571,0.9976573203899861,0.7068655348371767,0.8244325611546381,0.8123840115021466,1.0411718763170454,0.9161759216910841,0.9369671515171701,0.26910112359550564,1.3460105162637463,0.033249686323713924,8.127520489785852e-06,0.04550561797752809,1.1123348320099753e-05,47.84252858161926
/home2020/home/infochimie/aorlov/similibria/data/dels_100/mfp_resp_chembl301/CHEMBL301.npz,/home2020/home/infochimie/aorlov/similibria/data/dels_100/mfp_resp_chembl301/EN15679_1.npz,1780,9985,precomputed,tanimoto,0.9996696605433822,0.09594671473149004,0.9996696605433822,0.9708928139334564,0.9793980762459834,0.9787242894470972,1.8235303844103863,,0.9903884787290463,0.025842696629213482,0.894197945358768,0.0075282308657465494,1.7568800153434188e-06,0.010674157303370787,2.491051879433089e-06,27.466362953186035
/home2020/home/infochimie/aorlov/similibria/data/dels_100/mfp_resp_chembl301/CHEMBL301.npz,/home2020/home/infochimie/aorlov/similibria/data/dels_100/mfp_resp_chembl301/EN15881_1.npz,1780,9985,precomputed,tanimoto,0.9999671539670801,0.13049653622189938,0.9999671539670801,0.9501824054024078,0.986215741835214,0.9814928953628052,1.914117578403383,,0.9989123526255872,0.04662921348314607,1.6118271825181787,0.006273525721455458,1.2315519673057437e-06,0.009550561797752809,1.8748648994410696e-06,42.61568212509155
/home2020/home/infochimie/aorlov/similibria/data/dels_100/mfp_resp_chembl301/CHEMBL301.npz,/home2020/home/infochimie/aorlov/similibria/data/dels_100/mfp_resp_chembl301/EN16033_1.npz,1780,10000,precomputed,tanimoto,0.9971618035429392,0.08615798056717516,0.9971618035429392,0.9222672618987793,0.9467775900774781,0.9444719842586158,1.3204123630828772,0.9675881245406366,0.9699089695942356,0.0696629213483146,1.4583514534610604,0.02070263488080301,1.0788241209381454e-05,0.03258426966292135,1.6979817437687e-05,36.52822303771973
/home2020/home/infochimie/aorlov/similibria/data/dels_100/mfp_resp_chembl301/CHEMBL301.npz,/home2020/home/infochimie/aorlov/similibria/data/dels_100/mfp_resp_chembl301/EN16237_1.npz,1780,9954,precomputed,tanimoto,0.9996737665718087,0.12189727079562415,0.9996737665718087,0.8704641196110117,0.9380791064111026,0.9303670929614172,1.6464277488638452,0.9710965616165251,0.9842463315585269,0.12191011235955056,0.6925046776272149,0.02070263488080301,3.4794344337484052e-06,0.026404494382022473,4.437730148239071e-06,38.32007622718811
/home2020/home/infochimie/aorlov/similibria/data/dels_100/mfp_resp_chembl301/CHEMBL301.npz,/home2020/home/infochimie/aorlov/similibria/data/dels_100/mfp_resp_chembl301/EN16316_1.npz,1780,9997,precomputed,tanimoto,0.9998916199747547,0.1289784796850138,0.9998916199747547,0.8651018223111576,0.9619012561841171,0.9536663827037474,1.7570441810314807,,0.9942006907907542,0.11235955056179775,0.6059830186587364,0.0075282308657465494,1.271016523002963e-06,0.007865168539325843,1.327902843039987e-06,41.365994691848755
/home2020/home/infochimie/aorlov/similibria/data/dels_100/mfp_resp_chembl301/CHEMBL301.npz,/home2020/home/infochimie/aorlov/similibria/data/dels_100/mfp_resp_chembl301/EN16364_1.npz,1780,9996,precomputed,tanimoto,0.9989503273260341,0.10932275074850098,0.9989503273260341,0.7581341637790625,0.879853071923973,0.8691134536148555,1.219003963983514,,0.9831198606925302,0.21797752808988763,0.6113370777831919,0.024466750313676285,6.931090740418211e-06,0.03932584269662921,1.1140465353152751e-05,41.591830253601074
/home2020/home/infochimie/aorlov/similibria/data/dels_100/mfp_resp_chembl301/CHEMBL301.npz,/home2020/home/infochimie/aorlov/similibria/data/dels_100/mfp_resp_chembl301/EN16401_1.npz,1780,9998,precomputed,tanimoto,0.9995091509764978,0.10429797184586577,0.9995091509764978,0.9514933417841056,0.9675703553945834,0.9662395574976147,1.5705081236724552,0.9846259827877909,0.989424356933594,0.04269662921348315,2.081466912388351,0.006273525721455458,1.163919428841458e-06,0.015168539325842697,2.8142002459819475e-06,53.24668645858765
/home2020/home/infochimie/aorlov/similibria/data/dels_100/mfp_resp_chembl301/CHEMBL301.npz,/home2020/home/infochimie/aorlov/similibria/data/dels_100/mfp_resp_chembl301/EN16611_1.npz,1780,9788,precomputed,tanimoto,0.9961730675046574,0.12319375975245793,0.9961730675046574,0.7185795791264535,0.8272066829342587,0.8163373640722277,0.8490723402643774,,0.9323576852714365,0.24044943820224718,0.6656878174088587,0.04454203262233375,1.329216133164242e-05,0.056741573033707866,1.6932728449330905e-05,36.13317823410034
/home2020/home/infochimie/aorlov/similibria/data/dels_100/mfp_resp_chembl301/CHEMBL301.npz,/home2020/home/infochimie/aorlov/similibria/data/dels_100/mfp_resp_chembl301/EN1669_1.npz,1780,9633,precomputed,tanimoto,0.9983361213286268,0.13203470206157383,0.9983361213286268,0.5835795287152667,0.7953407813815861,0.7709795364274992,1.0503112691541094,,0.9160295924356865,0.38932584269662923,1.7438109000142608,0.04077791718946048,6.796319531576747e-06,0.051685393258426963,8.614232209737827e-06,38.99233055114746
/home2020/home/infochimie/aorlov/similibria/data/dels_100/mfp_resp_chembl301/CHEMBL301.npz,/home2020/home/infochimie/aorlov/similibria/data/dels_100/mfp_resp_chembl301/EN16700_1.npz,1780,9443,precomputed,tanimoto,0.9980766230774518,0.09758929398797044,0.9980766230774518,0.47112377137400857,0.7368599818224426,0.7102885558431524,0.8255219923900375,0.8753391002295187,0.8505878180979616,0.4966292134831461,0.8954890998749503,0.054579673776662486,8.04653896161912e-06,0.08595505617977528,1.267212976260877e-05,40.76482105255127
/home2020/home/infochimie/aorlov/similibria/data/dels_100/mfp_resp_chembl301/CHEMBL301.npz,/home2020/home/infochimie/aorlov/similibria/data/dels_100/mfp_resp_chembl301/EN16737_1.npz,1780,8712,precomputed,tanimoto,0.997913004376277,0.13631631475308173,0.997913004376277,0.8195071734541437,0.8608427490932379,0.8566006884608728,1.1588690872345835,0.9243574691015506,0.9672808163529755,0.1691011235955056,0.5576397472496825,0.035759096612296114,1.0311158192703608e-05,0.04719101123595506,1.36075580265153e-05,36.294227600097656
/home2020/home/infochimie/aorlov/similibria/data/dels_100/mfp_resp_chembl301/CHEMBL301.npz,/home2020/home/infochimie/aorlov/similibria/data/dels_100/mfp_resp_chembl301/EN17081_1.npz,1780,9998,precomputed,tanimoto,0.9977135104255523,0.11563270694430029,0.9977135104255523,0.5091269622206599,0.7298361932600286,0.7075412522889051,0.8871907313612075,0.8808964202429259,0.882638675484814,0.4752808988764045,0.9852606299424036,0.06775407779171895,1.1897116381337831e-05,0.08764044943820225,1.5389016582651845e-05,39.89209246635437
/home2020/home/infochimie/aorlov/similibria/data/dels_100/mfp_resp_chembl301/CHEMBL301.npz,/home2020/home/infochimie/aorlov/similibria/data/dels_100/mfp_resp_chembl301/EN17108_1.npz,1780,9999,precomputed,tanimoto,0.9999898844076714,0.12657947738532005,0.9999898844076714,0.9819284144093986,0.9956405984900671,0.9942810447660813,1.96338355189696,0.9979571962039313,0.9997616518095586,0.01348314606741573,0.8813790614667563,0.0018820577164366374,4.504685774142263e-07,0.0016853932584269663,4.0339714179678465e-07,38.08986830711365
/home2020/home/infochimie/aorlov/similibria/data/dels_100/mfp_resp_chembl301/CHEMBL301.npz,/home2020/home/infochimie/aorlov/similibria/data/dels_100/mfp_resp_chembl301/EN17372_1.npz,1780,9888,precomputed,tanimoto,0.9995649132097033,0.1277974232263411,0.9995649132097033,0.792401660549144,0.9362226169712488,0.924435221541335,1.4332503552236961,0.9741167415475653,0.9922134752065253,0.17134831460674158,0.6969369543776545,0.016938519447929738,4.3667232399921985e-06,0.019662921348314606,5.069069695363394e-06,50.14696002006531
/home2020/home/infochimie/aorlov/similibria/data/dels_100/mfp_resp_chembl301/CHEMBL301.npz,/home2020/home/infochimie/aorlov/similibria/data/dels_100/mfp_resp_chembl301/EN17751_1.npz,1780,9591,precomputed,tanimoto,0.9990912932192951,0.13063955025613624,0.9990912932192951,0.7206117185730198,0.8592629061192648,0.8485418374977474,1.3675067579301758,0.932320870414147,0.9720969499474147,0.22977528089887642,0.8608727431856574,0.033877038895859475,9.618693610408709e-06,0.03876404494382023,1.1006259211760428e-05,33.979976415634155
/home2020/home/infochimie/aorlov/similibria/data/dels_100/mfp_resp_chembl301/CHEMBL301.npz,/home2020/home/infochimie/aorlov/similibria/data/dels_100/mfp_resp_chembl301/EN17795_1.npz,1780,9196,precomputed,tanimoto,0.9976852145442019,0.10555252225548317,0.9976852145442019,0.7803621170347965,0.8586130150341326,0.8510380345078529,1.1347941080161146,0.9288346065417292,0.9582922520913474,0.20337078651685395,0.9952585663225231,0.05834378920953576,1.7266584554464563e-05,0.06853932584269663,2.0283908210327503e-05,34.44631600379944
/home2020/home/infochimie/aorlov/similibria/data/dels_100/mfp_resp_chembl301/CHEMBL301.npz,/home2020/home/infochimie/aorlov/similibria/data/dels_100/mfp_resp_chembl301/EN18190_1.npz,1780,9976,precomputed,tanimoto,0.9975667464527901,0.10520181286141952,0.9975667464527901,0.6658836177538433,0.8172837446986134,0.8033322917624216,0.9505841888904996,0.9140097376274674,0.9412576821565078,0.3106741573033708,0.6698597015054136,0.04454203262233375,1.0317820852984422e-05,0.06404494382022471,1.4835520921988584e-05,46.79695916175842
/home2020/home/infochimie/aorlov/similibria/data/dels_100/mfp_resp_chembl301/CHEMBL301.npz,/home2020/home/infochimie/aorlov/similibria/data/dels_100/mfp_resp_chembl301/EN18266_1.npz,1780,9947,precomputed,tanimoto,0.9998530638200164,0.1995432884688826,0.9998530638200164,0.9001417058455163,0.975733172629271,0.9711381759085004,1.69802390017112,0.9914891414328206,0.9967770689389673,0.06179775280898876,2.376297962652451,0.0006273525721455458,9.392911695546426e-08,0.0005617977528089888,8.411405192528654e-08,42.537646532058716
/home2020/home/infochimie/aorlov/similibria/data/dels_100/mfp_resp_chembl301/CHEMBL301.npz,/home2020/home/infochimie/aorlov/similibria/data/dels_100/mfp_resp_chembl301/EN18290_1.npz,1780,9905,precomputed,tanimoto,0.9999993593596923,,0.9999993593596923,0.9993295289492313,0.9998498191000152,0.999836676255887,1.9969950864234756,,0.9999903561193787,0.0,2.778474799298935,0.0,0.0,0.0,0.0,47.93715000152588
/home2020/home/infochimie/aorlov/similibria/data/dels_100/mfp_resp_chembl301/CHEMBL301.npz,/home2020/home/infochimie/aorlov/similibria/data/dels_100/mfp_resp_chembl301/EN18740_1.npz,1780,9846,precomputed,tanimoto,0.9999843074119779,0.29217700655244594,0.9999843074119779,0.9966604608329444,0.998604972024989,0.9985234292194338,1.9595097842814895,0.9992966747981078,0.9998003474242211,0.0016853932584269663,2.713407628766426,0.0,0.0,0.0,0.0,46.4841947555542
/home2020/home/infochimie/aorlov/similibria/data/dels_100/mfp_resp_chembl301/CHEMBL301.npz,/home2020/home/infochimie/aorlov/similibria/data/dels_100/mfp_resp_chembl301/EN18889_1.npz,1780,9962,precomputed,tanimoto,0.9966235564893485,0.12433452212371175,0.9966235564893485,0.5265890045449104,0.7607871681982676,0.7376838550673666,0.8052725028538765,0.8843908401773285,0.8823123730962451,0.45730337078651684,1.4411357714341015,0.07716436637390213,1.3345618535783834e-05,0.09044943820224718,1.5643278831243026e-05,40.74248909950256
/home2020/home/infochimie/aorlov/similibria/data/dels_100/mfp_resp_chembl301/CHEMBL301.npz,/home2020/home/infochimie/aorlov/similibria/data/dels_100/mfp_resp_chembl301/EN19015_1.npz,1780,8941,precomputed,tanimoto,0.9969811767356946,0.09195301229516316,0.9969811767356946,0.8476767328651824,0.9069011307094856,0.9003933476795835,1.091703796937829,,0.9698512888272023,0.14213483146067415,1.2149055917684735,0.030740276035131745,1.107358646798694e-05,0.03932584269662921,1.4166369847488909e-05,34.916187047958374
/home2020/home/infochimie/aorlov/similibria/data/dels_100/mfp_resp_chembl301/CHEMBL301.npz,/home2020/home/infochimie/aorlov/similibria/data/dels_100/mfp_resp_chembl301/EN1912_1.npz,1780,9999,precomputed,tanimoto,0.9998487016589783,0.09730847036751059,0.9998487016589783,0.9688945811045268,0.9823449779607655,0.9813174983351005,1.8417274957454457,,0.99740331838267,0.02752808988764045,0.9337143795429675,0.01066499372647428,2.7622361373929755e-06,0.01348314606741573,3.4921383235989978e-06,37.96790814399719
/home2020/home/infochimie/aorlov/similibria/data/dels_100/mfp_resp_chembl301/CHEMBL301.npz,/home2020/home/infochimie/aorlov/similibria/data/dels_100/mfp_resp_chembl301/EN19139_1.npz,1780,9953,precomputed,tanimoto,0.998975587133466,0.09499623052919365,0.998975587133466,0.9144083362879132,0.9388937775104192,0.9361170048975854,1.5921614488594606,0.9739352598880037,0.975682759424417,0.07865168539325842,0.8215682926774579,0.02258469259723965,6.152190846428671e-06,0.030337078651685393,8.263982198770198e-06,37.602205991744995
/home2020/home/infochimie/aorlov/similibria/data/dels_100/mfp_resp_chembl301/CHEMBL301.npz,/home2020/home/infochimie/aorlov/similibria/data/dels_100/mfp_resp_chembl301/EN19659_1.npz,1780,9997,precomputed,tanimoto,0.9987056176539224,0.09671191341788517,0.9987056176539224,0.9564954416563917,0.9704712442863502,0.9691374332543347,1.5825198380741656,0.9815989043425812,0.978939917293877,0.035955056179775284,0.9926535302560686,0.012547051442910916,4.734736393551289e-06,0.016292134831460674,6.147975408098368e-06,47.25196647644043
/home2020/home/infochimie/aorlov/similibria/data/dels_100/mfp_resp_chembl301/CHEMBL301.npz,/home2020/home/infochimie/aorlov/similibria/data/dels_100/mfp_resp_chembl301/EN19734_1.npz,1780,9185,precomputed,tanimoto,0.9965508516591579,0.15024656295777364,0.9965508516591579,0.5485216503122683,0.6913548414359477,0.6761838735301647,0.7440518093020196,,0.8565191712359957,0.42921348314606744,0.28067794388834355,0.05332496863237139,9.291682981768844e-06,0.05955056179775281,1.0376470081504235e-05,27.405830144882202
/home2020/home/infochimie/aorlov/similibria/data/dels_100/mfp_resp_chembl301/CHEMBL301.npz,/home2020/home/infochimie/aorlov/similibria/data/dels_100/mfp_resp_chembl301/EN19784_1.npz,1780,8755,precomputed,tanimoto,0.9999824325566822,0.08916764619763592,0.9999824325566822,0.9772873236771942,0.9941356426224032,0.9918741369565627,1.9519536825787651,0.997231211880373,0.9997258619741994,0.021348314606741574,1.3592645080380228,0.00439146800501882,1.716087536154287e-06,0.008426966292134831,3.293070063358668e-06,40.336597204208374
/home2020/home/infochimie/aorlov/similibria/data/dels_100/mfp_resp_chembl301/CHEMBL301.npz,/home2020/home/infochimie/aorlov/similibria/data/dels_100/mfp_resp_chembl301/EN19801_1.npz,1780,9889,precomputed,tanimoto,0.9984057501870082,0.09380393891698527,0.9984057501870082,0.7136115956746722,0.8650849669315946,0.850801456818895,1.213734166490184,0.9429621736957283,0.9513063070924573,0.2651685393258427,2.4114496152181197,0.033877038895859475,9.024251170980148e-06,0.04943820224719101,1.3169473161212309e-05,37.90355706214905
/home2020/home/infochimie/aorlov/similibria/data/dels_100/mfp_resp_chembl301/CHEMBL301.npz,/home2020/home/infochimie/aorlov/similibria/data/dels_100/mfp_resp_chembl301/EN19861_1.npz,1780,9776,precomputed,tanimoto,0.9998376203420004,0.15126450465613842,0.9998376203420004,0.8908858955375423,0.9537553220657193,0.9469133325246388,1.7028015273594037,0.9820365287836642,0.9939073580374964,0.09269662921348315,0.6414806130175975,0.0075282308657465494,1.3378764645008973e-06,0.010674157303370787,1.8969534926907387e-06,38.083019495010376
/home2020/home/infochimie/aorlov/similibria/data/dels_100/mfp_resp_chembl301/CHEMBL301.npz,/home2020/home/infochimie/aorlov/similibria/data/dels_100/mfp_resp_chembl301/EN1993_1.npz,1780,9986,precomputed,tanimoto,0.9995445378206903,0.10520389789351296,0.9995445378206903,0.7455097864597673,0.9219220325572829,0.9097240304486769,1.4419334677302735,0.9698298576969943,0.990572500453469,0.1904494382022472,3.621433561309414,0.015056461731493099,4.203367317558096e-06,0.021348314606741574,5.959886824885978e-06,56.880494594573975
/home2020/home/infochimie/aorlov/similibria/data/dels_100/mfp_resp_chembl301/CHEMBL301.npz,/home2020/home/infochimie/aorlov/similibria/data/dels_100/mfp_resp_chembl301/EN20878_1.npz,1780,9999,precomputed,tanimoto,0.9994126926492855,0.13095731407643357,0.9994126926492855,0.7867256395229139,0.8862335537902447,0.8758159751323326,1.4431499197123943,0.9506896131598312,0.9770504039154212,0.2,0.34135035740390196,0.03262233375156838,5.586972726762867e-06,0.043820224719101124,7.5047481964550645e-06,36.27892994880676
/home2020/home/infochimie/aorlov/similibria/data/dels_100/mfp_resp_chembl301/CHEMBL301.npz,/home2020/home/infochimie/aorlov/similibria/data/dels_100/mfp_resp_chembl301/EN20884_1.npz,1780,9790,precomputed,tanimoto,0.9963477080002346,0.15540219192471985,0.9963477080002346,0.3971970947867159,0.5849308814721275,0.5654643688723728,0.5330356210645659,,0.889347065923318,0.5926966292134831,0.22716689350212593,0.07590966122961104,1.5052480910095388e-05,0.07752808988764046,1.5373406680079407e-05,41.54620623588562
/home2020/home/infochimie/aorlov/similibria/data/dels_100/mfp_resp_chembl301/CHEMBL301.npz,/home2020/home/infochimie/aorlov/similibria/data/dels_100/mfp_resp_chembl301/EN20900_1.npz,1780,9998,precomputed,tanimoto,0.9992986973200229,0.11081602378136343,0.9992986973200229,0.8426308278008706,0.9164414045891441,0.9107814902853688,1.4181979642223044,0.9592556955605986,0.9678091387285043,0.13202247191011235,1.5520543591468547,0.01944792973651192,2.9350935310159856e-06,0.03258426966292135,4.917638041491299e-06,41.42668604850769
/home2020/home/infochimie/aorlov/similibria/data/dels_100/mfp_resp_chembl301/CHEMBL301.npz,/home2020/home/infochimie/aorlov/similibria/data/dels_100/mfp_resp_chembl301/EN21133_1.npz,1780,9516,precomputed,tanimoto,0.9995971776311469,0.14252192793605925,0.9995971776311469,0.9218603807420368,0.9598921726536285,0.9547078174467175,1.5228762273939593,0.9838176108166936,0.9955359094859831,0.06685393258426967,2.884870769766648,0.006900878293601004,2.5240959376741053e-06,0.008988764044943821,3.287770316365699e-06,39.88476204872131
/home2020/home/infochimie/aorlov/similibria/data/dels_100/mfp_resp_chembl301/CHEMBL301.npz,/home2020/home/infochimie/aorlov/similibria/data/dels_100/mfp_resp_chembl301/EN21371_1.npz,1780,9992,precomputed,tanimoto,0.9984010002703514,0.10702731313789988,0.9984010002703514,0.6886583010307918,0.8462142576267018,0.836128777913588,1.1122485224722114,0.9226808874166181,0.9192039347445147,0.2601123595505618,1.7825451425736032,0.04830614805520703,7.778767802770858e-06,0.07247191011235955,1.167019486511426e-05,39.324175119400024
/home2020/home/infochimie/aorlov/similibria/data/dels_100/mfp_resp_chembl301/CHEMBL301.npz,/home2020/home/infochimie/aorlov/similibria/data/dels_100/mfp_resp_chembl301/EN21510_1.npz,1780,9993,precomputed,tanimoto,0.9997198854030503,0.1062483163923732,0.9997198854030503,0.8221208446515702,0.94849587188346,0.938045287163452,1.6062953338822514,,0.9891541239112895,0.1544943820224719,0.636585278828952,0.015683814303638646,3.055486908949668e-06,0.021910112359550562,4.268480880489102e-06,35.6766631603241
/home2020/home/infochimie/aorlov/similibria/data/dels_100/mfp_resp_chembl301/CHEMBL301.npz,/home2020/home/infochimie/aorlov/similibria/data/dels_100/mfp_resp_chembl301/EN21535_1.npz,1780,8936,precomputed,tanimoto,0.9998943976924175,0.20063658657117053,0.9998943976924175,0.9639701811757985,0.9766596986153304,0.9753987337687765,1.8721684530002336,,0.9989744707991803,0.025842696629213482,1.2770332516246583,0.002509410288582183,1.20124953977127e-06,0.0022471910112359553,1.0757257114580925e-06,40.72181487083435
/home2020/home/infochimie/aorlov/similibria/data/dels_100/mfp_resp_chembl301/CHEMBL301.npz,/home2020/home/infochimie/aorlov/similibria/data/dels_100/mfp_resp_chembl301/EN2164_1.npz,1780,9983,precomputed,tanimoto,0.9997473284934304,0.08884676753481324,0.9997473284934304,0.9754801439398285,0.9803706625022325,0.9798464934666291,1.7344057839856228,0.9883556904886446,0.994018827694119,0.024719101123595506,4.095426670619231,0.009410288582183186,2.6925003096375352e-06,0.01348314606741573,3.857838645898635e-06,41.52699017524719
/home2020/home/infochimie/aorlov/similibria/data/dels_100/mfp_resp_chembl301/CHEMBL301.npz,/home2020/home/infochimie/aorlov/similibria/data/dels_100/mfp_resp_chembl301/EN21671_1.npz,1780,9981,precomputed,tanimoto,0.9991285712057498,0.1002450811240238,0.9991285712057498,0.8435858447564989,0.9189917764257892,0.9120436849822946,1.4719738558491953,0.9641194807598501,0.9720458000908987,0.13146067415730336,2.1747194991863705,0.027603513174404015,5.393417970770617e-06,0.04044943820224719,7.903368152060804e-06,46.221163511276245
/home2020/home/infochimie/aorlov/similibria/data/dels_100/mfp_resp_chembl301/CHEMBL301.npz,/home2020/home/infochimie/aorlov/similibria/data/dels_100/mfp_resp_chembl301/EN21726_1.npz,1780,9963,precomputed,tanimoto,0.9994705690941533,0.11586378405094303,0.9994705690941533,0.7073860125433197,0.8717123746629851,0.8519323653279122,1.41568565610382,0.9528000201142632,0.975544427747927,0.27415730337078653,1.0022181605254394,0.0370138017565872,6.785298213856499e-06,0.052247191011235955,9.577853530932347e-06,37.92582941055298
/home2020/home/infochimie/aorlov/similibria/data/dels_100/mfp_resp_chembl301/CHEMBL301.npz,/home2020/home/infochimie/aorlov/similibria/data/dels_100/mfp_resp_chembl301/EN21886_1.npz,1780,9192,precomputed,tanimoto,0.9994158557472463,0.10228003817340069,0.9994158557472463,0.8441251960849233,0.9338842755879391,0.9231498087942435,1.5256299213963214,0.9717090280026497,0.9914554212579211,0.13595505617977527,2.31935558381104,0.01631116687578419,6.493298915519184e-06,0.029213483146067417,1.162957131610964e-05,39.84300875663757
/home2020/home/infochimie/aorlov/similibria/data/dels_100/mfp_resp_chembl301/CHEMBL301.npz,/home2020/home/infochimie/aorlov/similibria/data/dels_100/mfp_resp_chembl301/EN22605_1.npz,1780,9382,precomputed,tanimoto,0.9953822285920376,0.12984342113332936,0.9953822285920376,0.5564002883103919,0.7375032102330131,0.7170504288613642,0.6161015640706405,0.8829705312474803,0.9221105003070114,0.4241573033707865,0.7867407534127412,0.06148055207026349,1.7903480509686515e-05,0.0702247191011236,2.04498308389993e-05,37.54543471336365
/home2020/home/infochimie/aorlov/similibria/data/dels_100/mfp_resp_chembl301/CHEMBL301.npz,/home2020/home/infochimie/aorlov/similibria/data/dels_100/mfp_resp_chembl301/EN22698_1.npz,1780,9998,precomputed,tanimoto,0.9996971756731258,0.12192333061080908,0.9996971756731258,0.6712307008513314,0.9096319641759807,0.888035310841942,1.4166842783703286,0.9658864337582744,0.9885755388859494,0.26685393258426965,0.8402694755454272,0.031994981179422836,6.031099185565097e-06,0.052247191011235955,9.848669370638258e-06,37.7347674369812
/home2020/home/infochimie/aorlov/similibria/data/dels_100/mfp_resp_chembl301/CHEMBL301.npz,/home2020/home/infochimie/aorlov/similibria/data/dels_100/mfp_resp_chembl301/EN23553_1.npz,1780,9994,precomputed,tanimoto,0.9982230830647614,0.12612907210019594,0.9982230830647614,0.5477555987561138,0.7788850038570685,0.7524495033932305,1.0081004992612128,,0.9364723289334254,0.4303370786516854,0.5726599134714536,0.05959849435382685,1.1417336083108593e-05,0.08033707865168539,1.5390244952430152e-05,42.10094976425171
/home2020/home/infochimie/aorlov/similibria/data/dels_100/mfp_resp_chembl301/CHEMBL301.npz,/home2020/home/infochimie/aorlov/similibria/data/dels_100/mfp_resp_chembl301/EN23577_1.npz,1780,9727,precomputed,tanimoto,0.9963207479563098,0.126110165549154,0.9963207479563098,0.8466774310722068,0.8695329446919126,0.8679549200008756,1.148937948436696,0.9196854607798122,0.9373965235106585,0.1449438202247191,0.8159852074231931,0.05897114178168131,2.126618888628969e-05,0.06460674157303371,2.3298500386957706e-05,35.24559187889099
/home2020/home/infochimie/aorlov/similibria/data/dels_100/mfp_resp_chembl301/CHEMBL301.npz,/home2020/home/infochimie/aorlov/similibria/data/dels_100/mfp_resp_chembl301/EN23710_1.npz,1780,9833,precomputed,tanimoto,0.9971088978586263,0.12284590806592409,0.9971088978586263,0.5357815447431645,0.7075503015062125,0.6896655885043895,0.7424565191595169,,0.8531601897219846,0.4398876404494382,0.7885228451858489,0.09661229611041405,1.7871308936443592e-05,0.11797752808988764,2.1823442117996233e-05,40.461647748947144
/home2020/home/infochimie/aorlov/similibria/data/dels_100/mfp_resp_chembl301/CHEMBL301.npz,/home2020/home/infochimie/aorlov/similibria/data/dels_100/mfp_resp_chembl301/EN23821_1.npz,1780,9933,precomputed,tanimoto,0.9960766714802044,0.11791654231710474,0.9960766714802044,0.7126002839516826,0.8185194465037211,0.8082709873135004,0.8712695065285954,0.8904163693230303,0.8890810544553553,0.2646067415730337,0.944024894156742,0.07841907151819323,1.9210943537039008e-05,0.09438202247191012,2.312151456930674e-05,45.18841624259949
/home2020/home/infochimie/aorlov/similibria/data/dels_100/mfp_resp_chembl301/CHEMBL301.npz,/home2020/home/infochimie/aorlov/similibria/data/dels_100/mfp_resp_chembl301/EN24292_1.npz,1780,7510,precomputed,tanimoto,0.9996506175587906,0.1430895576711387,0.9996506175587906,0.8849290394786307,0.9493486519724884,0.9407606540865907,1.5272502526767187,0.9779161820134576,0.988402402010118,0.09157303370786517,2.0153127081471687,0.01066499372647428,2.4596387745558764e-06,0.016292134831460674,3.757411169617314e-06,38.530070304870605
/home2020/home/infochimie/aorlov/similibria/data/dels_100/mfp_resp_chembl301/CHEMBL301.npz,/home2020/home/infochimie/aorlov/similibria/data/dels_100/mfp_resp_chembl301/EN25794_1.npz,1780,9977,precomputed,tanimoto,0.9957820808986813,0.13949573008311283,0.9957820808986813,0.552858496717833,0.7047510468651252,0.6881804154929209,0.6267933897747107,0.8653801083542961,0.8926602610088413,0.42865168539325843,0.2929971972255884,0.06085319949811794,1.3185958721152317e-05,0.07865168539325842,1.7042618720099335e-05,36.82590866088867
/home2020/home/infochimie/aorlov/similibria/data/dels_100/mfp_resp_chembl301/CHEMBL301.npz,/home2020/home/infochimie/aorlov/similibria/data/dels_100/mfp_resp_chembl301/EN25873_1.npz,1780,9996,precomputed,tanimoto,0.9982542246040136,0.10858477273186264,0.9982542246040136,0.6298217206640225,0.8185433715199326,0.8032288406223785,1.0542020873049653,0.90952072822841,0.9353300893637523,0.30337078651685395,1.0745932630917636,0.055834378920953574,1.0524859363044971e-05,0.07808988764044944,1.4720054220631374e-05,35.5822012424469
/home2020/home/infochimie/aorlov/similibria/data/dels_100/mfp_resp_chembl301/CHEMBL301.npz,/home2020/home/infochimie/aorlov/similibria/data/dels_100/mfp_resp_chembl301/EN25915_1.npz,1780,9948,precomputed,tanimoto,0.999747000718149,0.13725737693936768,0.999747000718149,0.9553341896404364,0.9767055291315075,0.974573221557457,1.805106278451479,,0.9944043598517291,0.038202247191011236,1.4534000282556105,0.006900878293601004,2.573994141589334e-06,0.008988764044943821,3.3527654028138085e-06,33.853315591812134
/home2020/home/infochimie/aorlov/similibria/data/dels_100/mfp_resp_chembl301/CHEMBL301.npz,/home2020/home/infochimie/aorlov/similibria/data/dels_100/mfp_resp_chembl301/EN25929_1.npz,1780,9996,precomputed,tanimoto,0.9993513669218199,0.08820147425283067,0.9993513669218199,0.9633154008648213,0.9762757447800473,0.9749451958918762,1.6956368304932012,0.9837558955405871,0.9825053456144197,0.03089887640449438,0.7491172370643143,0.01066499372647428,2.9099573605659696e-06,0.01348314606741573,3.6788938792403083e-06,36.134968280792236
/home2020/home/infochimie/aorlov/similibria/data/dels_100/mfp_resp_chembl301/CHEMBL301.npz,/home2020/home/infochimie/aorlov/similibria/data/dels_100/mfp_resp_chembl301/EN2611_1.npz,1780,9793,precomputed,tanimoto,0.999679447668742,0.14711359556072454,0.999679447668742,0.9854051334257157,0.9886088457573233,0.9882163574876615,1.499130275052347,0.9929797304704178,0.9979890308210619,0.012359550561797753,1.3450508492334874,0.00439146800501882,2.0190657494339405e-06,0.0050561797752808986,2.3246803564509877e-06,45.02331352233887
/home2020/home/infochimie/aorlov/similibria/data/dels_100/mfp_resp_chembl301/CHEMBL301.npz,/home2020/home/infochimie/aorlov/similibria/data/dels_100/mfp_resp_chembl301/EN26526_1.npz,1780,9103,precomputed,tanimoto,0.999396446831289,0.1033896278633549,0.999396446831289,0.9012929076956535,0.9369959236271423,0.9323671165933409,1.5479113885589846,0.9729442327715974,0.9858867796555573,0.09662921348314607,1.3675706506031342,0.02258469259723965,6.821109210884823e-06,0.030337078651685393,9.162512428778434e-06,34.72024416923523
/home2020/home/infochimie/aorlov/similibria/data/dels_100/mfp_resp_chembl301/CHEMBL301.npz,/home2020/home/infochimie/aorlov/similibria/data/dels_100/mfp_resp_chembl301/EN26565_1.npz,1780,9953,precomputed,tanimoto,0.9998312520451509,0.13325788045561598,0.9998312520451509,0.9022006458034283,0.9531953388620049,0.9481892456059644,1.7605610946454266,0.9794471805776344,0.993640841093993,0.07977528089887641,1.3800732492245897,0.01191969887076537,2.1527359347598646e-06,0.015168539325842697,2.73948696511517e-06,37.98858904838562
/home2020/home/infochimie/aorlov/similibria/data/dels_100/mfp_resp_chembl301/CHEMBL301.npz,/home2020/home/infochimie/aorlov/similibria/data/dels_100/mfp_resp_chembl301/EN26744_1.npz,1780,9998,precomputed,tanimoto,0.9998662822918057,0.08981756406137459,0.9998662822918057,0.8844797542497148,0.9700196981851424,0.9619397476349243,1.7924428154191558,0.9861878398960843,0.996284609919017,0.09775280898876404,1.0981809539866305,0.011292346298619825,2.960762008028271e-06,0.015168539325842697,3.977068517525615e-06,36.50034236907959
/home2020/home/infochimie/aorlov/similibria/data/dels_100/mfp_resp_chembl301/CHEMBL301.npz,/home2020/home/infochimie/aorlov/similibria/data/dels_100/mfp_resp_chembl301/EN26806_1.npz,1780,9813,precomputed,tanimoto,0.9985285711387731,0.09095901941990968,0.9985285711387731,0.7009042464303532,0.8348405019429911,0.8180100695393717,1.167313820251045,0.9463894465342921,0.9862443218382597,0.27078651685393257,3.255448986305978,0.031994981179422836,1.5745561604046673e-05,0.043820224719101124,2.156507122003008e-05,39.00329399108887
/home2020/home/infochimie/aorlov/similibria/data/dels_100/mfp_resp_chembl301/CHEMBL301.npz,/home2020/home/infochimie/aorlov/similibria/data/dels_100/mfp_resp_chembl301/EN26950_1.npz,1780,9011,precomputed,tanimoto,0.9975807488251849,0.12927330894218536,0.9975807488251849,0.7353279600415286,0.8464795245659575,0.833650812059936,0.8556273342016933,,0.9331574849826787,0.2410112359550562,0.7522230065008771,0.04454203262233375,1.1916006587034175e-05,0.04887640449438202,1.3075549623965228e-05,23.54004168510437
/home2020/home/infochimie/aorlov/similibria/data/dels_100/mfp_resp_chembl301/CHEMBL301.npz,/home2020/home/infochimie/aorlov/similibria/data/dels_100/mfp_resp_chembl301/EN27279_1.npz,1780,10000,precomputed,tanimoto,0.9980682321294658,0.13869852184989295,0.9980682321294658,0.6243917746205271,0.7835632768026419,0.7672111392379927,0.9050035820680364,0.9115913446607273,0.9410121323269927,0.3561797752808989,0.48599127219138366,0.04642409033877039,1.0603949369294287e-05,0.052247191011235955,1.1934031752223836e-05,35.91420936584473
/home2020/home/infochimie/aorlov/similibria/data/dels_100/mfp_resp_chembl301/CHEMBL301.npz,/home2020/home/infochimie/aorlov/similibria/data/dels_100/mfp_resp_chembl301/EN2762_1.npz,1780,8499,precomputed,tanimoto,0.9990943425019729,0.1359219334542579,0.9990943425019729,0.9466772744252246,0.9666142115799388,0.9649523109542093,1.3568498123736865,,0.9917402345903434,0.04550561797752809,1.8398663909463142,0.012547051442910916,7.544829490625927e-06,0.015168539325842697,9.121190213976366e-06,31.90052342414856
/home2020/home/infochimie/aorlov/similibria/data/dels_100/mfp_resp_chembl301/CHEMBL301.npz,/home2020/home/infochimie/aorlov/similibria/data/dels_100/mfp_resp_chembl301/EN2780_1.npz,1780,9999,precomputed,tanimoto,0.9995861352970323,0.1178876676752206,0.9995861352970323,0.7229326709143244,0.9237670353562022,0.9085273917181547,1.3305113306023941,,0.9864859468542602,0.21741573033707864,3.234472358379484,0.018820577164366373,3.6758939774153073e-06,0.025280898876404494,4.9376755617977525e-06,45.10144066810608
/home2020/home/infochimie/aorlov/similibria/data/dels_100/mfp_resp_chembl301/CHEMBL301.npz,/home2020/home/infochimie/aorlov/similibria/data/dels_100/mfp_resp_chembl301/EN3087_1.npz,1780,9950,precomputed,tanimoto,0.9993867973726852,0.08108050190454301,0.9993867973726852,0.9222055403284101,0.967400022662648,0.962475213720564,1.5801522859656574,0.9832196976470533,0.9922786734049771,0.0702247191011236,4.109678911404596,0.014429109159347553,6.947091554813459e-06,0.021348314606741574,1.0278437461117753e-05,55.288466453552246
/home2020/home/infochimie/aorlov/similibria/data/dels_100/mfp_resp_chembl301/CHEMBL301.npz,/home2020/home/infochimie/aorlov/similibria/data/dels_100/mfp_resp_chembl301/EN3298_1.npz,1780,10000,precomputed,tanimoto,0.9999994407965739,0.20303776370565765,0.9999994407965739,0.9970769737398603,0.9997206756371406,0.9995201191978845,1.995444884201342,,0.999989039385539,0.0022471910112359553,1.0627319626235732,0.0,0.0,0.0,0.0,37.65391278266907
/home2020/home/infochimie/aorlov/similibria/data/dels_100/mfp_resp_chembl301/CHEMBL301.npz,/home2020/home/infochimie/aorlov/similibria/data/dels_100/mfp_resp_chembl301/EN3723_1.npz,1780,10000,precomputed,tanimoto,0.9988780222085495,0.08060237533890205,0.9988780222085495,0.8965389035065869,0.927590086976257,0.923665384601354,1.5199687891485936,,0.9665923719181219,0.09943820224719101,2.891548868262614,0.02258469259723965,6.5048077757026645e-06,0.03932584269662921,1.1326567596955418e-05,32.47514629364014
/home2020/home/infochimie/aorlov/similibria/data/dels_100/mfp_resp_chembl301/CHEMBL301.npz,/home2020/home/infochimie/aorlov/similibria/data/dels_100/mfp_resp_chembl301/EN3859_1.npz,1780,9055,precomputed,tanimoto,0.9999737142782955,0.11707577690169825,0.9999737142782955,0.97956242039842,0.9953487304438573,0.9934646577140022,1.9359969602903433,0.9974475982912134,0.9998098723653415,0.019101123595505618,1.601242005709366,0.002509410288582183,1.1489973848819518e-06,0.0028089887640449437,1.2861670165040952e-06,50.498411893844604
/home2020/home/infochimie/aorlov/similibria/data/dels_100/mfp_resp_chembl301/CHEMBL301.npz,/home2020/home/infochimie/aorlov/similibria/data/dels_100/mfp_resp_chembl301/EN4028_1.npz,1780,8544,precomputed,tanimoto,0.9977080791903177,0.10414139627951045,0.9977080791903177,0.918454714740816,0.9402341614442952,0.9377210374965721,1.2667295641681635,0.9599201079919775,0.9706538410214138,0.07808988764044944,1.2432760135142726,0.023212045169385194,9.292251869249476e-06,0.034269662921348316,1.3718840240731913e-05,34.65441679954529
/home2020/home/infochimie/aorlov/similibria/data/dels_100/mfp_resp_chembl301/CHEMBL301.npz,/home2020/home/infochimie/aorlov/similibria/data/dels_100/mfp_resp_chembl301/EN4505_1.npz,1780,10000,precomputed,tanimoto,0.9999998735870665,0.165939206747019,0.9999998735870665,0.9994669564742357,0.9999368184061486,0.9998883455882289,1.9990514605281127,0.9999083938902574,0.999996975890563,0.0005617977528089888,2.094554987448102,0.0,0.0,0.0,0.0,46.27434015274048
/home2020/home/infochimie/aorlov/similibria/data/dels_100/mfp_resp_chembl301/CHEMBL301.npz,/home2020/home/infochimie/aorlov/similibria/data/dels_100/mfp_resp_chembl301/EN5723_1.npz,1780,10000,precomputed,tanimoto,0.994488284894521,0.1308170665893035,0.994488284894521,0.5345254555105873,0.6615244061138985,0.6477055430645665,0.629909865280899,0.8211921625649301,0.7551670003644315,0.4589887640449438,0.4376411518780736,0.08594730238393977,1.4798089253433157e-05,0.10224719101123596,1.7604543906893245e-05,39.028605699539185
/home2020/home/infochimie/aorlov/similibria/data/dels_100/mfp_resp_chembl301/CHEMBL301.npz,/home2020/home/infochimie/aorlov/similibria/data/dels_100/mfp_resp_chembl301/EN5738_1.npz,1780,9992,precomputed,tanimoto,0.9999979210605038,0.09801018407224735,0.9999979210605038,0.9948024896620963,0.999114922457823,0.9988547516282573,1.9893152424080096,0.9993544788499317,0.9999639427820652,0.0033707865168539327,1.8513179822749106,0.0,0.0,0.0,0.0,37.36708903312683
/home2020/home/infochimie/aorlov/similibria/data/dels_100/mfp_resp_chembl301/CHEMBL301.npz,/home2020/home/infochimie/aorlov/similibria/data/dels_100/mfp_resp_chembl301/EN6061_1.npz,1780,10000,precomputed,tanimoto,0.9956640450955981,0.14004111674754938,0.9956640450955981,0.5227403940674674,0.6891528161113785,0.6714511631021257,0.661350047252735,0.8504868093038773,0.8619859956179143,0.4702247191011236,0.8566266672496904,0.08469259723964868,1.6486781631233927e-05,0.09325842696629214,1.8154258704748324e-05,39.927894830703735
/home2020/home/infochimie/aorlov/similibria/data/dels_100/mfp_resp_chembl301/CHEMBL301.npz,/home2020/home/infochimie/aorlov/similibria/data/dels_100/mfp_resp_chembl301/EN6363_1.npz,1780,8839,precomputed,tanimoto,0.9991399052431882,0.12810650416759709,0.9991399052431882,0.8262630734900762,0.8978214437463664,0.8896157468138544,1.358230052983686,,0.972883561720809,0.15898876404494383,0.6898918856072394,0.028230865746549563,6.421943982381611e-06,0.03258426966292135,7.412254245432518e-06,39.66091704368591
/home2020/home/infochimie/aorlov/similibria/data/dels_100/mfp_resp_chembl301/CHEMBL301.npz,/home2020/home/infochimie/aorlov/similibria/data/dels_100/mfp_resp_chembl301/EN6528_1.npz,1780,9438,precomputed,tanimoto,0.9998018957286258,0.09104787113060735,0.9998018957286258,0.9740360010296547,0.9885991072833225,0.9867571031792725,1.7507824804147085,,0.996995170436633,0.024157303370786518,4.238674149452296,0.005018820577164366,1.8118485838138505e-06,0.0056179775280898875,2.0281507321624142e-06,45.86886668205261
/home2020/home/infochimie/aorlov/similibria/data/dels_100/mfp_resp_chembl301/CHEMBL301.npz,/home2020/home/infochimie/aorlov/similibria/data/dels_100/mfp_resp_chembl301/EN7172_1.npz,1780,9983,precomputed,tanimoto,0.999451936312651,0.07778917437516127,0.999451936312651,0.879938626928482,0.92611915636015,0.9192360258795306,1.5780879054615813,0.9674923198805901,0.9755976026770834,0.11404494382022472,2.223479068920508,0.023212045169385194,5.350863340107237e-06,0.03876404494382023,8.93592552877368e-06,39.555705308914185
/home2020/home/infochimie/aorlov/similibria/data/dels_100/mfp_resp_chembl301/CHEMBL301.npz,/home2020/home/infochimie/aorlov/similibria/data/dels_100/mfp_resp_chembl301/EN7424_1.npz,1780,10000,precomputed,tanimoto,0.9995298299328313,0.11580408132807511,0.9995298299328313,0.8865593511797671,0.9382985869335314,0.9317108177425241,1.4560702358480762,0.9708420769170112,0.9906810973696637,0.09719101123595505,0.6914516594588591,0.01944792973651192,4.863198233686402e-06,0.02359550561797753,5.900351492367474e-06,34.34889817237854
/home2020/home/infochimie/aorlov/similibria/data/dels_100/mfp_resp_chembl301/CHEMBL301.npz,/home2020/home/infochimie/aorlov/similibria/data/dels_100/mfp_resp_chembl301/EN8961_1.npz,1780,10000,precomputed,tanimoto,0.999985525453143,0.11473098580962061,0.999985525453143,0.9497558913974611,0.9930573902114324,0.9894770027430031,1.9192602071648615,0.9965929225759453,0.9995974797948748,0.03202247191011236,0.9923571737521768,0.00439146800501882,9.559138017019635e-07,0.0044943820224719105,9.783156339729887e-07,35.193965435028076
/home2020/home/infochimie/aorlov/similibria/data/dels_100/mfp_resp_chembl301/CHEMBL301.npz,/home2020/home/infochimie/aorlov/similibria/data/dels_100/mfp_resp_chembl301/EN9354_1.npz,1780,9312,precomputed,tanimoto,0.9999689188406069,0.2116109977279092,0.9999689188406069,0.9898849542023747,0.9955063191419508,0.9950537659334556,1.927251141147476,0.9971431344635879,0.99902728014419,0.008988764044943821,1.1020048161408516,0.0006273525721455458,1.4542247847601894e-07,0.0005617977528089888,1.3022664645549115e-07,33.074498653411865
/home2020/home/infochimie/aorlov/similibria/data/dels_100/mfp_resp_chembl301/CHEMBL301.npz,/home2020/home/infochimie/aorlov/similibria/data/dels_100/mfp_resp_chembl301/EN93_1.npz,1780,9997,precomputed,tanimoto,0.9994686523686035,0.1024320740536635,0.9994686523686035,0.7298798911206472,0.9201995897223167,0.905816838972733,1.4118508941087775,,0.9842178666615301,0.21741573033707864,1.7559602131309675,0.030112923462986198,6.773037216146243e-06,0.04044943820224719,9.097939316744757e-06,38.90559220314026
/home2020/home/infochimie/aorlov/similibria/data/dels_100/mfp_resp_chembl301/CHEMBL301.npz,/home2020/home/infochimie/aorlov/similibria/data/dels_100/mfp_resp_chembl301/EN9803_1.npz,1780,9962,precomputed,tanimoto,0.9984869709325179,0.10820707440572268,0.9984869709325179,0.5976454471384484,0.8012147664683883,0.7795530305065264,0.9669098987546476,0.9183385069859207,0.9457717324384668,0.38033707865168537,1.2549326070656657,0.0451693851944793,9.493355442303342e-06,0.06573033707865168,1.3814698839565296e-05,35.12909126281738
/home2020/home/infochimie/aorlov/similibria/data/dels_100/mfp_resp_chembl301/CHEMBL301.npz,/home2020/home/infochimie/aorlov/similibria/data/dels_100/mfp_resp_chembl301/EN9951_1.npz,1780,9029,precomputed,tanimoto,0.9996200585820917,0.08887237878021027,0.9996200585820917,0.9378892463908243,0.9664593246040915,0.9618934603081019,1.5647597633850236,,0.9950817614352747,0.051685393258426963,1.4709714940793446,0.008155583437892095,2.6626129408723784e-06,0.021348314606741574,6.969740322148735e-06,28.827696084976196
